date,open,high,low,close,adjusted_close,volume
2020-01-01,6.9592,6.9632,6.9592,6.9632,6.9632,0
2020-01-02,6.9596,6.9739,6.9567,6.9644,6.9644,0
2020-01-03,6.961,6.9753,6.961,6.9655,6.9655,0
2020-01-06,6.9675,6.9786,6.9672,6.976,6.976,0
2020-01-07,6.9669,6.9702,6.928,6.9453,6.9453,0
2020-01-08,6.9528,6.9541,6.9358,6.9462,6.9462,0
2020-01-09,6.931,6.9353,6.9201,6.9318,6.9318,0
2020-01-10,6.9303,6.9383,6.9156,6.9193,6.9193,0
2020-01-13,6.9108,6.9143,6.8836,6.8938,6.8938,0
2020-01-14,6.8755,6.889,6.8649,6.8842,6.8842,0
2020-01-15,6.8928,6.8979,6.8827,6.8909,6.8909,0
2020-01-16,6.8829,6.8919,6.8742,6.8789,6.8789,0
2020-01-17,6.8748,6.8783,6.8516,6.8598,6.8598,0
2020-01-20,6.859,6.8669,6.8399,6.8669,6.8669,0
2020-01-21,6.8763,6.9087,6.8756,6.9059,6.9059,0
2020-01-22,6.9078,6.917,6.896,6.9067,6.9067,0
2020-01-23,6.9058,6.9367,6.9058,6.9367,6.9367,0
2020-01-24,6.9367,6.9367,6.9367,6.9367,6.9367,0
2020-01-27,6.9367,6.9367,6.9367,6.9367,6.9367,0
2020-01-28,6.9367,6.9367,6.9367,6.9367,6.9367,0
2020-01-29,6.9367,6.9367,6.9367,6.9367,6.9367,0
2020-01-30,6.9367,6.9367,6.9367,6.9367,6.9367,0
2020-01-31,6.9367,6.9367,6.9367,6.9367,6.9367,0
2020-02-03,6.9364,7.0249,6.9364,7.0215,7.0215,0
2020-02-04,7.0207,7.0207,6.9865,6.9985,6.9985,0
2020-02-05,6.996,7.007,6.965,6.9738,6.9738,0
2020-02-06,6.9736,6.9815,6.955,6.9708,6.9708,0
2020-02-07,6.9764,7.0015,6.9747,7.0015,7.0015,0
2020-02-10,6.9978,7.0014,6.9749,6.9844,6.9844,0
2020-02-11,6.9824,6.9824,6.9585,6.966,6.966,0
2020-02-12,6.966,6.976,6.9581,6.972,6.972,0
2020-02-13,6.9725,6.9851,6.9713,6.977,6.977,0
2020-02-14,6.9724,6.9869,6.9724,6.9869,6.9869,0
2020-02-17,6.9799,6.9825,6.971,6.9814,6.9814,0
2020-02-18,6.9831,7.0066,6.9831,6.9972,6.9972,0
2020-02-19,7.0051,7.0126,6.9885,6.9983,6.9983,0
2020-02-20,7.007,7.0257,7.0023,7.023,7.023,0
2020-02-21,7.028,7.0426,7.0248,7.0271,7.0271,0
2020-02-24,7.0377,7.0398,7.0229,7.0294,7.0294,0
2020-02-25,7.0103,7.019,7.0073,7.0135,7.0135,0
2020-02-26,7.0115,7.0249,7.0115,7.0226,7.0226,0
2020-02-27,7.0146,7.0214,7.0,7.0045,7.0045,0
2020-02-28,7.0019,7.012,6.9783,6.992,6.992,0
2020-03-02,6.9725,6.9763,6.9502,6.961,6.961,0
2020-03-03,6.9564,6.9832,6.9554,6.962,6.962,0
2020-03-04,6.9404,6.9504,6.9197,6.9263,6.9263,0
2020-03-05,6.9371,6.9437,6.9288,6.9373,6.9373,0
2020-03-06,6.9418,6.9578,6.9238,6.9321,6.9321,0
2020-03-09,6.909,6.9533,6.909,6.9466,6.9466,0
2020-03-10,6.9385,6.9597,6.9269,6.9564,6.9564,0
2020-03-11,6.9578,6.965,6.9436,6.9605,6.9605,0
2020-03-12,6.9599,7.0361,6.9599,7.0295,7.0295,0
2020-03-13,7.0249,7.0329,6.9723,7.0086,7.0086,0
2020-03-16,6.9996,7.023,6.9875,6.9934,6.9934,0
2020-03-17,6.993,7.0228,6.9848,7.0079,7.0079,0
2020-03-18,7.0201,7.0474,7.0024,7.0474,7.0474,0
2020-03-19,7.0459,7.1239,7.0459,7.1083,7.1083,0
2020-03-20,7.1048,7.105,7.0486,7.0961,7.0961,0
2020-03-23,7.0972,7.1216,7.0765,7.0926,7.0926,0
2020-03-24,7.0849,7.0911,7.0567,7.0631,7.0631,0
2020-03-25,7.0606,7.1153,7.0477,7.1148,7.1148,0
2020-03-26,7.0909,7.12,7.0657,7.0735,7.0735,0
2020-03-27,7.0606,7.0967,7.053,7.0963,7.0963,0
2020-03-30,7.0938,7.1026,7.0853,7.1003,7.1003,0
2020-03-31,7.0929,7.0998,7.0785,7.0825,7.0825,0
2020-04-01,7.08,7.1064,7.0783,7.1001,7.1001,0
2020-04-02,7.1149,7.1267,7.0819,7.0841,7.0841,0
2020-04-03,7.0856,7.0979,7.0786,7.0928,7.0928,0
2020-04-06,7.0928,7.0928,7.0928,7.0928,7.0928,0
2020-04-07,7.085,7.085,7.0428,7.0458,7.0458,0
2020-04-08,7.0609,7.0723,7.0553,7.066,7.066,0
2020-04-09,7.0623,7.0734,7.0309,7.0432,7.0432,0
2020-04-10,7.0448,7.0465,7.0253,7.036,7.036,0
2020-04-13,7.034,7.056,7.034,7.0527,7.0527,0
2020-04-14,7.0482,7.0625,7.0386,7.0486,7.0486,0
2020-04-15,7.0461,7.068,7.0443,7.0677,7.0677,0
2020-04-16,7.0705,7.0827,7.0682,7.0798,7.0798,0
2020-04-17,7.0669,7.0821,7.0641,7.0731,7.0731,0
2020-04-20,7.0793,7.0821,7.0675,7.0736,7.0736,0
2020-04-21,7.0806,7.0982,7.0787,7.092,7.092,0
2020-04-22,7.0867,7.0909,7.0762,7.0842,7.0842,0
2020-04-23,7.082,7.0864,7.0615,7.0667,7.0667,0
2020-04-24,7.0799,7.087,7.0719,7.0819,7.0819,0
2020-04-27,7.0713,7.0888,7.069,7.0865,7.0865,0
2020-04-28,7.0822,7.09,7.07,7.0796,7.0796,0
2020-04-29,7.0754,7.0809,7.0692,7.0768,7.0768,0
2020-04-30,7.0652,7.067,7.0456,7.0622,7.0622,0
2020-05-01,7.0602,7.0622,7.0602,7.0622,7.0622,0
2020-05-04,7.0622,7.0622,7.0622,7.0622,7.0622,0
2020-05-05,7.0622,7.0622,7.0622,7.0622,7.0622,0
2020-05-06,7.0602,7.105,7.0602,7.1046,7.1046,0
2020-05-07,7.1042,7.1071,7.0824,7.0844,7.0844,0
2020-05-08,7.074,7.0801,7.0679,7.0742,7.0742,0
2020-05-11,7.0748,7.0992,7.0699,7.0992,7.0992,0
2020-05-12,7.0934,7.0994,7.078,7.0829,7.0829,0
2020-05-13,7.0816,7.0959,7.0815,7.0923,7.0923,0
2020-05-14,7.094,7.1025,7.0921,7.0959,7.0959,0
2020-05-15,7.0948,7.1062,7.0932,7.1022,7.1022,0
2020-05-18,7.1048,7.1192,7.1004,7.1097,7.1097,0
2020-05-19,7.1002,7.1123,7.0933,7.0993,7.0993,0
2020-05-20,7.0985,7.1091,7.0885,7.0935,7.0935,0
2020-05-21,7.0928,7.1153,7.0911,7.1153,7.1153,0
2020-05-22,7.1134,7.1435,7.1122,7.1305,7.1305,0
2020-05-25,7.1312,7.1426,7.1307,7.1368,7.1368,0
2020-05-26,7.1325,7.1381,7.1248,7.135,7.135,0
2020-05-27,7.1329,7.1766,7.1329,7.1697,7.1697,0
2020-05-28,7.1681,7.1681,7.143,7.1463,7.1463,0
2020-05-29,7.1571,7.1571,7.1297,7.1373,7.1373,0
2020-06-01,7.1142,7.139,7.109,7.1278,7.1278,0
2020-06-02,7.1138,7.123,7.0951,7.1014,7.1014,0
2020-06-03,7.0897,7.1256,7.0897,7.1158,7.1158,0
2020-06-04,7.1178,7.13,7.103,7.1103,7.1103,0
2020-06-05,7.1053,7.1144,7.0788,7.082,7.082,0
2020-06-08,7.0814,7.0904,7.0675,7.0716,7.0716,0
2020-06-09,7.0697,7.0906,7.0676,7.0773,7.0773,0
2020-06-10,7.0765,7.0839,7.0553,7.061,7.061,0
2020-06-11,7.0577,7.0748,7.0541,7.065,7.065,0
2020-06-12,7.0799,7.088,7.07,7.0834,7.0834,0
2020-06-15,7.0815,7.098,7.0815,7.0909,7.0909,0
2020-06-16,7.0749,7.0866,7.0673,7.0866,7.0866,0
2020-06-17,7.0866,7.0964,7.0825,7.0856,7.0856,0
2020-06-18,7.091,7.0929,7.0692,7.0894,7.0894,0
2020-06-19,7.088,7.0912,7.0699,7.0723,7.0723,0
2020-06-22,7.08,7.0813,7.0653,7.0684,7.0684,0
2020-06-23,7.0678,7.0881,7.0554,7.059,7.059,0
2020-06-24,7.056,7.0782,7.0498,7.0782,7.0782,0
2020-06-25,7.0782,7.0782,7.0782,7.0782,7.0782,0
2020-06-26,7.0782,7.0782,7.0782,7.0782,7.0782,0
2020-06-29,7.0819,7.0819,7.0706,7.0811,7.0811,0
2020-06-30,7.0725,7.0779,7.059,7.0655,7.0655,0
2020-07-01,7.0669,7.0716,7.0539,7.0712,7.0712,0
2020-07-02,7.06,7.0701,7.0591,7.067,7.067,0
2020-07-03,7.0622,7.0695,7.0588,7.0664,7.0664,0
2020-07-06,7.0624,7.0633,7.0123,7.0188,7.0188,0
2020-07-07,7.0057,7.0255,7.0015,7.014,7.014,0
2020-07-08,7.0218,7.0237,6.9999,7.0046,7.0046,0
2020-07-09,6.9955,7.0,6.9775,6.9942,6.9942,0
2020-07-10,6.9967,7.012,6.9963,7.0019,7.0019,0
2020-07-13,6.9998,7.0046,6.9904,6.9975,6.9975,0
2020-07-14,7.0113,7.0192,7.0007,7.0075,7.0075,0
2020-07-15,6.9925,7.0043,6.9814,6.989,6.989,0
2020-07-16,6.983,7.0016,6.9823,6.9893,6.9893,0
2020-07-17,6.9928,7.0042,6.9901,6.9924,6.9924,0
2020-07-20,6.9902,7.0009,6.9809,6.9838,6.9838,0
2020-07-21,6.9829,6.9953,6.9783,6.9808,6.9808,0
2020-07-22,6.974,7.0109,6.9632,7.0002,7.0002,0
2020-07-23,7.0076,7.0135,6.989,7.0041,7.0041,0
2020-07-24,7.0034,7.0232,7.0002,7.017,7.017,0
2020-07-27,6.9991,7.0051,6.9943,6.9964,6.9964,0
2020-07-28,6.9875,7.0096,6.9867,7.0008,7.0008,0
2020-07-29,6.9998,7.0051,6.9915,7.0018,7.0018,0
2020-07-30,6.995,7.0088,6.9917,7.0088,7.0088,0
2020-07-31,6.9918,6.9919,6.9694,6.9752,6.9752,0
2020-08-03,6.9786,6.9846,6.9671,6.9809,6.9809,0
2020-08-04,6.9819,6.9864,6.9674,6.9735,6.9735,0
2020-08-05,6.9632,6.9667,6.9336,6.9367,6.9367,0
2020-08-06,6.9351,6.9535,6.9334,6.9535,6.9535,0
2020-08-07,6.9549,6.9733,6.9515,6.968,6.968,0
2020-08-10,6.9643,6.972,6.9556,6.9619,6.9619,0
2020-08-11,6.9603,6.9603,6.9376,6.9463,6.9463,0
2020-08-12,6.947,6.957,6.9319,6.9372,6.9372,0
2020-08-13,6.9309,6.9469,6.9296,6.9451,6.9451,0
2020-08-14,6.9452,6.953,6.9388,6.9504,6.9504,0
2020-08-17,6.9489,6.9489,6.9284,6.9329,6.9329,0
2020-08-18,6.9315,6.9346,6.9091,6.9218,6.9218,0
2020-08-19,6.9158,6.9231,6.9033,6.9207,6.9207,0
2020-08-20,6.9192,6.9284,6.9121,6.9159,6.9159,0
2020-08-21,6.9085,6.9244,6.8985,6.9195,6.9195,0
2020-08-24,6.9124,6.9205,6.9098,6.9196,6.9196,0
2020-08-25,6.9085,6.9151,6.9063,6.9128,6.9128,0
2020-08-26,6.906,6.9062,6.8855,6.886,6.886,0
2020-08-27,6.8869,6.8951,6.8733,6.8937,6.8937,0
2020-08-28,6.8927,6.8927,6.8604,6.8654,6.8654,0
2020-08-31,6.8604,6.8621,6.8407,6.8485,6.8485,0
2020-09-01,6.8409,6.8462,6.8105,6.8282,6.8282,0
2020-09-02,6.8271,6.8386,6.8213,6.8383,6.8383,0
2020-09-03,6.8373,6.8475,6.8235,6.8468,6.8468,0
2020-09-04,6.8398,6.8465,6.833,6.8425,6.8425,0
2020-09-07,6.8288,6.834,6.826,6.8305,6.8305,0
2020-09-08,6.83,6.8509,6.8271,6.8465,6.8465,0
2020-09-09,6.8435,6.8559,6.8298,6.8333,6.8333,0
2020-09-10,6.8318,6.8424,6.825,6.8344,6.8344,0
2020-09-11,6.835,6.839,6.831,6.8344,6.8344,0
2020-09-14,6.833,6.833,6.808,6.8105,6.8105,0
2020-09-15,6.808,6.808,6.7678,6.7818,6.7818,0
2020-09-16,6.7765,6.7773,6.7529,6.7548,6.7548,0
2020-09-17,6.7499,6.7797,6.7499,6.7657,6.7657,0
2020-09-18,6.7503,6.776,6.7503,6.7693,6.7693,0
2020-09-21,6.7616,6.8052,6.7565,6.8052,6.8052,0
2020-09-22,6.8043,6.8043,6.7709,6.7799,6.7799,0
2020-09-23,6.7919,6.812,6.7847,6.8104,6.8104,0
2020-09-24,6.8088,6.8324,6.8087,6.8287,6.8287,0
2020-09-25,6.8088,6.8324,6.8088,6.8238,6.8238,0
2020-09-28,6.8145,6.8274,6.809,6.8119,6.8119,0
2020-09-29,6.8213,6.827,6.8087,6.8165,6.8165,0
2020-09-30,6.811,6.8167,6.785,6.7908,6.7908,0
2020-10-01,6.7896,6.7908,6.7896,6.7908,6.7908,0
2020-10-02,6.7898,6.7908,6.7898,6.7908,6.7908,0
2020-10-05,6.7908,6.7908,6.7908,6.7908,6.7908,0
2020-10-06,6.7908,6.7908,6.7908,6.7908,6.7908,0
2020-10-07,6.7908,6.7908,6.7908,6.7908,6.7908,0
2020-10-08,6.7908,6.7908,6.7908,6.7908,6.7908,0
2020-10-09,6.7239,6.7293,6.6929,6.6947,6.6947,0
2020-10-12,6.6933,6.754,6.6933,6.7459,6.7459,0
2020-10-13,6.7555,6.7603,6.7307,6.7467,6.7467,0
2020-10-14,6.7452,6.7473,6.7087,6.7151,6.7151,0
2020-10-15,6.715,6.7346,6.7133,6.7254,6.7254,0
2020-10-16,6.7178,6.7251,6.693,6.6976,6.6976,0
2020-10-19,6.6962,6.7031,6.6803,6.6822,6.6822,0
2020-10-20,6.6771,6.6936,6.6753,6.6767,6.6767,0
2020-10-21,6.6754,6.6754,6.64,6.6511,6.6511,0
2020-10-22,6.6503,6.6885,6.645,6.6846,6.6846,0
2020-10-23,6.6821,6.6926,6.6641,6.6868,6.6868,0
2020-10-26,6.6805,6.7136,6.6769,6.7123,6.7123,0
2020-10-27,6.7119,6.7241,6.6954,6.7055,6.7055,0
2020-10-28,6.714,6.7299,6.7059,6.729,6.729,0
2020-10-29,6.7279,6.7279,6.7008,6.715,6.715,0
2020-10-30,6.714,6.714,6.6787,6.6927,6.6927,0
2020-11-02,6.6919,6.7003,6.68,6.6915,6.6915,0
2020-11-03,6.6813,6.6967,6.6758,6.6778,6.6778,0
2020-11-04,6.7054,6.7491,6.648,6.6535,6.6535,0
2020-11-05,6.6379,6.662,6.6023,6.6066,6.6066,0
2020-11-06,6.6131,6.6367,6.6063,6.6115,6.6115,0
2020-11-09,6.5901,6.6296,6.5613,6.6296,6.6296,0
2020-11-10,6.6192,6.6269,6.596,6.6156,6.6156,0
2020-11-11,6.605,6.6317,6.5907,6.6311,6.6311,0
2020-11-12,6.6301,6.6333,6.6101,6.613,6.613,0
2020-11-13,6.615,6.6261,6.6029,6.6065,6.6065,0
2020-11-16,6.588,6.5905,6.5681,6.5848,6.5848,0
2020-11-17,6.5835,6.5835,6.5446,6.5566,6.5566,0
2020-11-18,6.5556,6.5638,6.5373,6.5605,6.5605,0
2020-11-19,6.5588,6.5911,6.5588,6.5835,6.5835,0
2020-11-20,6.5729,6.5814,6.5578,6.563,6.563,0
2020-11-23,6.5535,6.586,6.5521,6.586,6.586,0
2020-11-24,6.5755,6.5925,6.5727,6.5915,6.5915,0
2020-11-25,6.59,6.59,6.5711,6.579,6.579,0
2020-11-26,6.5648,6.5768,6.5613,6.5756,6.5756,0
2020-11-27,6.5719,6.5842,6.5705,6.5769,6.5769,0
2020-11-30,6.5738,6.5941,6.5697,6.5789,6.5789,0
2020-12-01,6.576,6.5866,6.5597,6.5723,6.5723,0
2020-12-02,6.563,6.5681,6.5508,6.563,6.563,0
2020-12-03,6.5529,6.5642,6.5407,6.5429,6.5429,0
2020-12-04,6.5391,6.5521,6.5251,6.5316,6.5316,0
2020-12-07,6.526,6.5426,6.526,6.5298,6.5298,0
2020-12-08,6.5326,6.5391,6.5188,6.5332,6.5332,0
2020-12-09,6.5284,6.5449,6.5179,6.5435,6.5435,0
2020-12-10,6.544,6.5523,6.5381,6.5455,6.5455,0
2020-12-11,6.535,6.5482,6.5344,6.5463,6.5463,0
2020-12-14,6.5311,6.5508,6.5311,6.5508,6.5508,0
2020-12-15,6.543,6.5561,6.5369,6.5395,6.5395,0
2020-12-16,6.5356,6.5457,6.5226,6.5328,6.5328,0
2020-12-17,6.5265,6.5408,6.5242,6.5332,6.5332,0
2020-12-18,6.53,6.5449,6.53,6.5377,6.5377,0
2020-12-21,6.5461,6.5546,6.5444,6.5497,6.5497,0
2020-12-22,6.5415,6.5536,6.5377,6.5432,6.5432,0
2020-12-23,6.5484,6.5549,6.5314,6.5407,6.5407,0
2020-12-24,6.54,6.54,6.5251,6.5301,6.5301,0
2020-12-25,6.53,6.5435,6.5196,6.5418,6.5418,0
2020-12-28,6.5408,6.5429,6.5279,6.5371,6.5371,0
2020-12-29,6.5346,6.537,6.5251,6.5308,6.5308,0
2020-12-30,6.53,6.5364,6.5195,6.5233,6.5233,0
2020-12-31,6.5203,6.5548,6.5146,6.5267,6.5267,0
2021-01-01,6.5267,6.5267,6.5267,6.5267,6.5267,0
2021-01-04,6.5149,6.5151,6.4547,6.4616,6.4616,0
2021-01-05,6.458,6.4672,6.4284,6.4561,6.4561,0
2021-01-06,6.455,6.4632,6.4495,6.4629,6.4629,0
2021-01-07,6.457,6.478,6.4535,6.477,6.477,0
2021-01-08,6.4752,6.4761,6.4602,6.4755,6.4755,0
2021-01-11,6.479,6.4921,6.4688,6.4808,6.4808,0
2021-01-12,6.477,6.4771,6.4565,6.4636,6.4636,0
2021-01-13,6.4494,6.4711,6.4481,6.4681,6.4681,0
2021-01-14,6.465,6.4756,6.4604,6.4746,6.4746,0
2021-01-15,6.466,6.4809,6.4626,6.4809,6.4809,0
2021-01-18,6.4791,6.496,6.476,6.4925,6.4925,0
2021-01-19,6.4902,6.4922,6.476,6.479,6.479,0
2021-01-20,6.4756,6.4771,6.4609,6.4665,6.4665,0
2021-01-21,6.4554,6.4656,6.4542,6.462,6.462,0
2021-01-22,6.4595,6.485,6.4595,6.4819,6.4819,0
2021-01-25,6.484,6.4862,6.4702,6.4798,6.4798,0
2021-01-26,6.475,6.4771,6.4597,6.4652,6.4652,0
2021-01-27,6.4611,6.4857,6.4563,6.4836,6.4836,0
2021-01-28,6.4873,6.4934,6.4452,6.4496,6.4496,0
2021-01-29,6.4545,6.4666,6.4197,6.4278,6.4278,0
2021-02-01,6.4286,6.4693,6.4285,6.468,6.468,0
2021-02-02,6.4636,6.4658,6.4451,6.4567,6.4567,0
2021-02-03,6.4545,6.4625,6.4529,6.4602,6.4602,0
2021-02-04,6.4591,6.4718,6.4542,6.4718,6.4718,0
2021-02-05,6.4691,6.4807,6.4578,6.4667,6.4667,0
2021-02-08,6.4595,6.461,6.4444,6.4484,6.4484,0
2021-02-09,6.447,6.4531,6.4287,6.4353,6.4353,0
2021-02-10,6.433,6.4582,6.4272,6.4582,6.4582,0
2021-02-11,6.4557,6.4582,6.4542,6.4582,6.4582,0
2021-02-12,6.4582,6.4582,6.4582,6.4582,6.4582,0
2021-02-15,6.4582,6.4582,6.4582,6.4582,6.4582,0
2021-02-16,6.4582,6.4582,6.4582,6.4582,6.4582,0
2021-02-17,6.4582,6.4582,6.4582,6.4582,6.4582,0
2021-02-18,6.4461,6.4882,6.4437,6.4882,6.4882,0
2021-02-19,6.47,6.4741,6.4493,6.4577,6.4577,0
2021-02-22,6.4575,6.4692,6.456,6.4648,6.4648,0
2021-02-23,6.4553,6.4688,6.4522,6.4665,6.4665,0
2021-02-24,6.4548,6.4623,6.4441,6.4566,6.4566,0
2021-02-25,6.4556,6.4569,6.4443,6.4549,6.4549,0
2021-02-26,6.4815,6.4816,6.454,6.4752,6.4752,0
2021-03-01,6.4661,6.4694,6.4557,6.466,6.466,0
2021-03-02,6.4648,6.4751,6.4643,6.4714,6.4714,0
2021-03-03,6.467,6.4721,6.4542,6.4679,6.4679,0
2021-03-04,6.4705,6.4717,6.4632,6.47,6.47,0
2021-03-05,6.4694,6.4985,6.4677,6.4968,6.4968,0
2021-03-08,6.496,6.5312,6.4903,6.5261,6.5261,0
2021-03-09,6.525,6.544,6.5005,6.5067,6.5067,0
2021-03-10,6.5071,6.5174,6.4983,6.5059,6.5059,0
2021-03-11,6.495,6.5013,6.4799,6.4939,6.4939,0
2021-03-12,6.48,6.5085,6.4758,6.5085,6.5085,0
2021-03-15,6.4936,6.5103,6.4936,6.5001,6.5001,0
2021-03-16,6.4951,6.5059,6.4922,6.5059,6.5059,0
2021-03-17,6.5051,6.5075,6.4968,6.5041,6.5041,0
2021-03-18,6.4927,6.5108,6.4888,6.5063,6.5063,0
2021-03-19,6.511,6.5181,6.4989,6.509,6.509,0
2021-03-22,6.509,6.5122,6.5038,6.5078,6.5078,0
2021-03-23,6.5051,6.5172,6.5051,6.5164,6.5164,0
2021-03-24,6.5181,6.5266,6.5145,6.5246,6.5246,0
2021-03-25,6.527,6.5463,6.527,6.5463,6.5463,0
2021-03-26,6.5385,6.5461,6.535,6.5415,6.5415,0
2021-03-29,6.5412,6.5721,6.5394,6.5697,6.5697,0
2021-03-30,6.5785,6.5791,6.5601,6.572,6.572,0
2021-03-31,6.5678,6.5708,6.5421,6.5527,6.5527,0
2021-04-01,6.554,6.5774,6.5531,6.5653,6.5653,0
2021-04-02,6.5624,6.568,6.5557,6.5671,6.5671,0
2021-04-05,6.5671,6.5671,6.5671,6.5671,6.5671,0
2021-04-06,6.5541,6.5589,6.537,6.5395,6.5395,0
2021-04-07,6.5389,6.5461,6.5344,6.5425,6.5425,0
2021-04-08,6.5485,6.5521,6.5439,6.5511,6.5511,0
2021-04-09,6.5471,6.5615,6.5438,6.553,6.553,0
2021-04-12,6.558,6.5598,6.5403,6.5483,6.5483,0
2021-04-13,6.5451,6.553,6.5391,6.5441,6.5441,0
2021-04-14,6.5393,6.5424,6.5253,6.5296,6.5296,0
2021-04-15,6.5293,6.5411,6.518,6.5228,6.5228,0
2021-04-16,6.5297,6.5338,6.5143,6.521,6.521,0
2021-04-19,6.5286,6.5313,6.5026,6.5103,6.5103,0
2021-04-20,6.5052,6.5087,6.4892,6.4995,6.4995,0
2021-04-21,6.4999,6.5018,6.4862,6.4909,6.4909,0
2021-04-22,6.4883,6.4938,6.4799,6.4914,6.4914,0
2021-04-23,6.4905,6.4993,6.4879,6.4954,6.4954,0
2021-04-25,6.4954,6.4954,6.4954,6.4954,6.4954,0
2021-04-26,6.4848,6.4921,6.4804,6.4855,6.4855,0
2021-04-27,6.486,6.4902,6.4774,6.4831,6.4831,0
2021-04-28,6.4848,6.4901,6.4768,6.4789,6.4789,0
2021-04-29,6.4739,6.4777,6.4619,6.4722,6.4722,0
2021-04-30,6.4709,6.4761,6.4611,6.4735,6.4735,0
2021-05-03,6.4735,6.4735,6.4735,6.4735,6.4735,0
2021-05-04,6.4735,6.4735,6.4735,6.4735,6.4735,0
2021-05-05,6.4735,6.4735,6.4735,6.4735,6.4735,0
2021-05-06,6.4804,6.4833,6.4597,6.4638,6.4638,0
2021-05-07,6.4655,6.4661,6.429,6.4325,6.4325,0
2021-05-10,6.4324,6.4341,6.4064,6.4166,6.4166,0
2021-05-11,6.427,6.4325,6.4182,6.4292,6.4292,0
2021-05-12,6.4284,6.4571,6.4264,6.4571,6.4571,0
2021-05-13,6.454,6.4573,6.4461,6.452,6.452,0
2021-05-14,6.4465,6.4498,6.4281,6.4371,6.4371,0
2021-05-17,6.4411,6.4437,6.4331,6.4392,6.4392,0
2021-05-18,6.4325,6.4344,6.4155,6.4257,6.4257,0
2021-05-19,6.4241,6.439,6.4202,6.435,6.435,0
2021-05-20,6.4342,6.4426,6.4286,6.4349,6.4349,0
2021-05-21,6.4318,6.4366,6.4251,6.4342,6.4342,0
2021-05-24,6.438,6.4394,6.4142,6.4193,6.4193,0
2021-05-25,6.4102,6.4149,6.3999,6.411,6.411,0
2021-05-26,6.41,6.41,6.3837,6.3917,6.3917,0
2021-05-27,6.3935,6.3966,6.3717,6.3833,6.3833,0
2021-05-28,6.3821,6.3842,6.3591,6.3684,6.3684,0
2021-05-31,6.3675,6.3735,6.356,6.37,6.37,0
2021-06-01,6.3665,6.3836,6.3599,6.3817,6.3817,0
2021-06-02,6.376,6.3909,6.3749,6.3811,6.3811,0
2021-06-03,6.378,6.4038,6.378,6.4038,6.4038,0
2021-06-04,6.404,6.4118,6.3929,6.3953,6.3953,0
2021-06-07,6.3951,6.4027,6.3907,6.3974,6.3974,0
2021-06-08,6.3905,6.4005,6.3877,6.4005,6.4005,0
2021-06-09,6.3976,6.3985,6.3795,6.3875,6.3875,0
2021-06-10,6.3865,6.3951,6.38,6.3933,6.3933,0
2021-06-11,6.3858,6.3987,6.3822,6.3987,6.3987,0
2021-06-14,6.3987,6.3987,6.3987,6.3987,6.3987,0
2021-06-15,6.4046,6.4074,6.3958,6.4061,6.4061,0
2021-06-16,6.4012,6.4055,6.3923,6.3972,6.3972,0
2021-06-17,6.3969,6.449,6.3969,6.4484,6.4484,0
2021-06-18,6.4471,6.4531,6.432,6.4531,6.4531,0
2021-06-21,6.4502,6.4713,6.4466,6.4669,6.4669,0
2021-06-22,6.4641,6.4813,6.4571,6.4813,6.4813,0
2021-06-23,6.4729,6.4895,6.4704,6.4739,6.4739,0
2021-06-24,6.477,6.4821,6.4622,6.472,6.472,0
2021-06-25,6.4646,6.4674,6.448,6.4563,6.4563,0
2021-06-28,6.4586,6.4647,6.4513,6.4561,6.4561,0
2021-06-29,6.4579,6.4675,6.4527,6.4638,6.4638,0
2021-06-30,6.4633,6.4634,6.4512,6.4572,6.4572,0
2021-07-01,6.462,6.4691,6.4573,6.4691,6.4691,0
2021-07-02,6.4679,6.4846,6.467,6.4731,6.4731,0
2021-07-05,6.4683,6.4696,6.4564,6.4643,6.4643,0
2021-07-06,6.46,6.4792,6.4571,6.4792,6.4792,0
2021-07-07,6.4761,6.4766,6.4586,6.473,6.473,0
2021-07-08,6.4763,6.4907,6.4713,6.4903,6.4903,0
2021-07-09,6.4841,6.4905,6.4749,6.479,6.479,0
2021-07-12,6.4755,6.4781,6.4682,6.4756,6.4756,0
2021-07-13,6.4697,6.4734,6.4607,6.4688,6.4688,0
2021-07-14,6.4726,6.4769,6.4489,6.4689,6.4689,0
2021-07-15,6.46,6.4701,6.4536,6.4609,6.4609,0
2021-07-16,6.4638,6.4796,6.4599,6.4792,6.4792,0
2021-07-19,6.4781,6.491,6.475,6.4905,6.4905,0
2021-07-20,6.4852,6.4897,6.4753,6.485,6.485,0
2021-07-21,6.4773,6.4804,6.4635,6.468,6.468,0
2021-07-22,6.4665,6.4707,6.4603,6.4707,6.4707,0
2021-07-23,6.4675,6.4815,6.4655,6.4814,6.4814,0
2021-07-26,6.478,6.4872,6.478,6.4828,6.4828,0
2021-07-27,6.4756,6.5112,6.4726,6.5112,6.5112,0
2021-07-28,6.5089,6.5094,6.487,6.4909,6.4909,0
2021-07-29,6.4905,6.4905,6.4522,6.4564,6.4564,0
2021-07-30,6.463,6.4666,6.4497,6.4615,6.4615,0
2021-08-02,6.4609,6.4685,6.4562,6.4621,6.4621,0
2021-08-03,6.4641,6.4704,6.4584,6.4704,6.4704,0
2021-08-04,6.4654,6.4664,6.4547,6.4663,6.4663,0
2021-08-05,6.4651,6.4663,6.4589,6.4614,6.4614,0
2021-08-06,6.4652,6.4838,6.4614,6.4835,6.4835,0
2021-08-09,6.481,6.4881,6.4717,6.4863,6.4863,0
2021-08-10,6.4821,6.4861,6.476,6.486,6.486,0
2021-08-11,6.4841,6.4881,6.474,6.4792,6.4792,0
2021-08-12,6.4763,6.4808,6.4698,6.4791,6.4791,0
2021-08-13,6.4771,6.4836,6.4737,6.4774,6.4774,0
2021-08-16,6.4768,6.4801,6.4698,6.4747,6.4747,0
2021-08-17,6.4782,6.4868,6.4745,6.4861,6.4861,0
2021-08-18,6.4854,6.4854,6.4755,6.4847,6.4847,0
2021-08-19,6.484,6.4981,6.4837,6.4949,6.4949,0
2021-08-20,6.4951,6.504,6.4926,6.5015,6.5015,0
2021-08-23,6.4909,6.4965,6.4767,6.4815,6.4815,0
2021-08-24,6.478,6.4842,6.4654,6.4714,6.4714,0
2021-08-25,6.471,6.4794,6.4697,6.476,6.476,0
2021-08-26,6.472,6.4865,6.472,6.4815,6.4815,0
2021-08-27,6.4809,6.4877,6.471,6.4718,6.4718,0
2021-08-30,6.4651,6.4708,6.462,6.4666,6.4666,0
2021-08-31,6.4659,6.4719,6.4523,6.4607,6.4607,0
2021-09-01,6.4603,6.4691,6.4575,6.46,6.46,0
2021-09-02,6.459,6.4632,6.4517,6.4565,6.4565,0
2021-09-03,6.453,6.4611,6.433,6.4529,6.4529,0
2021-09-06,6.453,6.4593,6.4486,6.4582,6.4582,0
2021-09-07,6.4529,6.4666,6.4506,6.4666,6.4666,0
2021-09-08,6.4636,6.4651,6.4538,6.4618,6.4618,0
2021-09-09,6.461,6.4633,6.4492,6.4554,6.4554,0
2021-09-10,6.4559,6.4569,6.4327,6.4444,6.4444,0
2021-09-13,6.444,6.4571,6.444,6.4518,6.4518,0
2021-09-14,6.447,6.4521,6.4344,6.4394,6.4394,0
2021-09-15,6.4425,6.4444,6.4275,6.4325,6.4325,0
2021-09-16,6.4332,6.4578,6.4291,6.4578,6.4578,0
2021-09-17,6.4534,6.4682,6.4453,6.4663,6.4663,0
2021-09-20,6.4663,6.4663,6.4663,6.4663,6.4663,0
2021-09-21,6.4663,6.4663,6.4663,6.4663,6.4663,0
2021-09-22,6.4655,6.4733,6.4575,6.4623,6.4623,0
2021-09-23,6.4696,6.4697,6.4492,6.4591,6.4591,0
2021-09-24,6.4591,6.4692,6.4555,6.4667,6.4667,0
2021-09-27,6.4552,6.464,6.4531,6.457,6.457,0
2021-09-28,6.4595,6.4617,6.4494,6.4598,6.4598,0
2021-09-29,6.457,6.4751,6.457,6.4711,6.4711,0
2021-09-30,6.4702,6.4742,6.442,6.4467,6.4467,0
2021-10-01,6.4467,6.4467,6.4467,6.4467,6.4467,0
2021-10-04,6.4467,6.4467,6.4467,6.4467,6.4467,0
2021-10-05,6.4467,6.4467,6.4467,6.4467,6.4467,0
2021-10-06,6.4467,6.4467,6.4467,6.4467,6.4467,0
2021-10-07,6.4467,6.4467,6.4467,6.4467,6.4467,0
2021-10-08,6.447,6.4512,6.4387,6.4438,6.4438,0
2021-10-11,6.4412,6.4507,6.4334,6.4507,6.4507,0
2021-10-12,6.4583,6.4584,6.4437,6.449,6.449,0
2021-10-13,6.4496,6.4512,6.4233,6.4281,6.4281,0
2021-10-14,6.4329,6.44,6.4293,6.44,6.44,0
2021-10-15,6.4346,6.4393,6.4248,6.4357,6.4357,0
2021-10-18,6.4325,6.4391,6.4254,6.4299,6.4299,0
2021-10-19,6.429,6.429,6.3774,6.3827,6.3827,0
2021-10-20,6.3794,6.3975,6.3794,6.3945,6.3945,0
2021-10-21,6.392,6.4023,6.3865,6.3933,6.3933,0
2021-10-22,6.39,6.4008,6.3786,6.385,6.385,0
2021-10-25,6.3865,6.3913,6.3771,6.3858,6.3858,0
2021-10-26,6.3811,6.386,6.3755,6.383,6.383,0
2021-10-27,6.3805,6.3965,6.3795,6.3927,6.3927,0
2021-10-28,6.3961,6.4046,6.391,6.3919,6.3919,0
2021-10-29,6.392,6.407,6.3863,6.4058,6.4058,0
2021-11-01,6.4051,6.4069,6.3923,6.3977,6.3977,0
2021-11-02,6.396,6.4015,6.3918,6.4,6.4,0
2021-11-03,6.4001,6.4066,6.3903,6.4066,6.4066,0
2021-11-04,6.3951,6.3991,6.3877,6.3975,6.3975,0
2021-11-05,6.3952,6.4041,6.3951,6.3989,6.3989,0
2021-11-08,6.396,6.3999,6.39,6.3927,6.3927,0
2021-11-09,6.3911,6.3969,6.3856,6.3928,6.3928,0
2021-11-10,6.3916,6.3946,6.3801,6.3889,6.3889,0
2021-11-11,6.3882,6.409,6.3868,6.3906,6.3906,0
2021-11-12,6.3957,6.3972,6.376,6.3797,6.3797,0
2021-11-15,6.3801,6.3846,6.3748,6.3832,6.3832,0
2021-11-16,6.3815,6.3958,6.3655,6.3929,6.3929,0
2021-11-17,6.3876,6.3931,6.3718,6.378,6.378,0
2021-11-18,6.3771,6.3872,6.3713,6.3861,6.3861,0
2021-11-19,6.3828,6.3902,6.3775,6.3872,6.3872,0
2021-11-22,6.3899,6.3899,6.3725,6.3854,6.3854,0
2021-11-23,6.3842,6.3923,6.3795,6.3919,6.3919,0
2021-11-24,6.3884,6.3928,6.3817,6.3924,6.3924,0
2021-11-25,6.391,6.391,6.3817,6.3862,6.3862,0
2021-11-26,6.386,6.3936,6.3845,6.393,6.393,0
2021-11-29,6.3882,6.3883,6.3756,6.3882,6.3882,0
2021-11-30,6.3775,6.3785,6.3605,6.3643,6.3643,0
2021-12-01,6.3675,6.3717,6.3586,6.3682,6.3682,0
2021-12-02,6.37,6.3771,6.3655,6.3771,6.3771,0
2021-12-03,6.3763,6.3764,6.365,6.3764,6.3764,0
2021-12-06,6.3698,6.3784,6.3651,6.3763,6.3763,0
2021-12-07,6.3719,6.3733,6.3616,6.3669,6.3669,0
2021-12-08,6.3656,6.3656,6.3405,6.3443,6.3443,0
2021-12-09,6.345,6.378,6.3392,6.3776,6.3776,0
2021-12-10,6.38,6.382,6.3601,6.37,6.37,0
2021-12-13,6.3652,6.367,6.3577,6.367,6.367,0
2021-12-14,6.3665,6.3687,6.3577,6.3676,6.3676,0
2021-12-15,6.3624,6.3676,6.36,6.3676,6.3676,0
2021-12-16,6.365,6.3691,6.3622,6.3683,6.3683,0
2021-12-17,6.3685,6.3823,6.3672,6.3758,6.3758,0
2021-12-20,6.38,6.3833,6.3712,6.3757,6.3757,0
2021-12-21,6.374,6.3751,6.3649,6.3721,6.3721,0
2021-12-22,6.367,6.3736,6.3654,6.3699,6.3699,0
2021-12-23,6.3669,6.3714,6.3653,6.3703,6.3703,0
2021-12-24,6.371,6.371,6.3639,6.3677,6.3677,0
2021-12-27,6.3695,6.3728,6.3659,6.3713,6.3713,0
2021-12-28,6.3705,6.3724,6.3634,6.3687,6.3687,0
2021-12-29,6.3684,6.3725,6.3638,6.3684,6.3684,0
2021-12-30,6.369,6.3779,6.3649,6.3731,6.3731,0
2021-12-31,6.3755,6.3781,6.3364,6.3561,6.3561,0
2022-01-03,6.3561,6.3561,6.3561,6.3561,6.3561,0
2022-01-04,6.3701,6.3776,6.367,6.3726,6.3726,0
2022-01-05,6.3718,6.3728,6.3599,6.3644,6.3644,0
2022-01-06,6.3705,6.383,6.3659,6.383,6.383,0
2022-01-07,6.3782,6.3813,6.3697,6.3778,6.3778,0
2022-01-10,6.374,6.3762,6.3679,6.3762,6.3762,0
2022-01-11,6.3717,6.375,6.3665,6.3741,6.3741,0
2022-01-12,6.3682,6.3685,6.3544,6.3584,6.3584,0
2022-01-13,6.3578,6.3636,6.3528,6.3599,6.3599,0
2022-01-14,6.3602,6.3614,6.3364,6.3528,6.3528,0
2022-01-17,6.3571,6.358,6.3397,6.3488,6.3488,0
2022-01-18,6.346,6.3538,6.3366,6.353,6.353,0
2022-01-19,6.3532,6.3554,6.343,6.345,6.345,0
2022-01-20,6.3433,6.3461,6.3382,6.3411,6.3411,0
2022-01-21,6.3445,6.3445,6.3343,6.339,6.339,0
2022-01-24,6.3341,6.3347,6.3238,6.3308,6.3308,0
2022-01-25,6.3271,6.3312,6.3202,6.3261,6.3261,0
2022-01-26,6.3215,6.3233,6.3166,6.3209,6.3209,0
2022-01-27,6.336,6.3685,6.3348,6.3683,6.3683,0
2022-01-28,6.3639,6.3664,6.351,6.361,6.361,0
2022-01-31,6.361,6.361,6.361,6.361,6.361,0
2022-02-01,6.361,6.361,6.361,6.361,6.361,0
2022-02-02,6.361,6.361,6.361,6.361,6.361,0
2022-02-03,6.361,6.361,6.361,6.361,6.361,0
2022-02-04,6.361,6.361,6.361,6.361,6.361,0
2022-02-07,6.3561,6.3623,6.3535,6.3623,6.3623,0
2022-02-08,6.356,6.3709,6.3549,6.3666,6.3666,0
2022-02-09,6.3631,6.3655,6.3595,6.3627,6.3627,0
2022-02-10,6.3606,6.3628,6.3501,6.3541,6.3541,0
2022-02-11,6.3561,6.3652,6.3527,6.3546,6.3546,0
2022-02-14,6.354,6.3628,6.3531,6.3576,6.3576,0
2022-02-15,6.354,6.3551,6.3366,6.3392,6.3392,0
2022-02-16,6.3346,6.3413,6.3305,6.3372,6.3372,0
2022-02-17,6.332,6.3389,6.3284,6.3384,6.3384,0
2022-02-18,6.3351,6.336,6.3225,6.3256,6.3256,0
2022-02-21,6.3265,6.3362,6.3216,6.3353,6.3353,0
2022-02-22,6.337,6.3443,6.3198,6.3266,6.3266,0
2022-02-23,6.3244,6.3308,6.3097,6.315,6.315,0
2022-02-24,6.321,6.3295,6.3095,6.3292,6.3292,0
2022-02-25,6.3222,6.3246,6.3112,6.3175,6.3175,0
2022-02-28,6.3188,6.3191,6.3025,6.3093,6.3093,0
2022-03-01,6.305,6.3143,6.305,6.3122,6.3122,0
2022-03-02,6.313,6.3215,6.3069,6.3211,6.3211,0
2022-03-03,6.3182,6.3203,6.3123,6.3202,6.3202,0
2022-03-04,6.3195,6.3212,6.3116,6.32,6.32,0
2022-03-07,6.325,6.3255,6.3139,6.3208,6.3208,0
2022-03-08,6.315,6.3193,6.3084,6.3187,6.3187,0
2022-03-09,6.316,6.3263,6.3102,6.3178,6.3178,0
2022-03-10,6.3162,6.3243,6.3142,6.3219,6.3219,0
2022-03-11,6.323,6.3398,6.3172,6.3398,6.3398,0
2022-03-14,6.3474,6.3657,6.3436,6.3657,6.3657,0
2022-03-15,6.3637,6.3855,6.3637,6.3706,6.3706,0
2022-03-16,6.368,6.3685,6.3406,6.3523,6.3523,0
2022-03-17,6.3435,6.3524,6.3402,6.347,6.347,0
2022-03-18,6.348,6.3664,6.3458,6.3612,6.3612,0
2022-03-21,6.356,6.3661,6.3487,6.356,6.356,0
2022-03-22,6.36,6.3665,6.3557,6.3665,6.3665,0
2022-03-23,6.3649,6.3762,6.3626,6.3724,6.3724,0
2022-03-24,6.374,6.3774,6.3637,6.3678,6.3678,0
2022-03-25,6.364,6.3666,6.3566,6.3662,6.3662,0
2022-03-28,6.378,6.3807,6.3637,6.3722,6.3722,0
2022-03-29,6.3679,6.3732,6.3586,6.3642,6.3642,0
2022-03-30,6.362,6.3626,6.3435,6.3477,6.3477,0
2022-03-31,6.347,6.3548,6.3349,6.34,6.34,0
2022-04-01,6.341,6.3643,6.341,6.3631,6.3631,0
2022-04-04,6.3631,6.3631,6.3631,6.3631,6.3631,0
2022-04-05,6.3631,6.3631,6.3631,6.3631,6.3631,0
2022-04-06,6.3711,6.3756,6.3535,6.36,6.36,0
2022-04-07,6.359,6.3641,6.3545,6.3604,6.3604,0
2022-04-08,6.3612,6.3665,6.3535,6.365,6.365,0
2022-04-11,6.364,6.375,6.3638,6.37,6.37,0
2022-04-12,6.372,6.3743,6.3615,6.3661,6.3661,0
2022-04-13,6.366,6.3705,6.3613,6.3682,6.3682,0
2022-04-14,6.3654,6.3795,6.3612,6.3784,6.3784,0
2022-04-15,6.376,6.3765,6.3654,6.3712,6.3712,0
2022-04-18,6.3739,6.3748,6.3604,6.367,6.367,0
2022-04-19,6.3685,6.3962,6.3675,6.3935,6.3935,0
2022-04-20,6.408,6.4192,6.3926,6.4192,6.4192,0
2022-04-21,6.415,6.4518,6.4074,6.4507,6.4507,0
2022-04-22,6.4485,6.505,6.4482,6.5013,6.5013,0
2022-04-25,6.5133,6.577,6.5117,6.5594,6.5594,0
2022-04-26,6.555,6.5608,6.5258,6.5566,6.5566,0
2022-04-27,6.5594,6.5635,6.5448,6.5606,6.5606,0
2022-04-28,6.5557,6.6293,6.5557,6.626,6.626,0
2022-04-29,6.6139,6.65,6.5824,6.6085,6.6085,0
2022-05-02,6.6085,6.6085,6.6085,6.6085,6.6085,0
2022-05-03,6.6085,6.6085,6.6085,6.6085,6.6085,0
2022-05-04,6.6085,6.6085,6.6085,6.6085,6.6085,0
2022-05-05,6.589,6.6558,6.589,6.6558,6.6558,0
2022-05-06,6.6553,6.6934,6.6553,6.6666,6.6666,0
2022-05-09,6.7021,6.7308,6.6897,6.7308,6.7308,0
2022-05-10,6.728,6.7399,6.687,6.7347,6.7347,0
2022-05-11,6.7305,6.736,6.7085,6.7211,6.7211,0
2022-05-12,6.731,6.795,6.7267,6.787,6.787,0
2022-05-13,6.7888,6.811,6.7728,6.789,6.789,0
2022-05-16,6.7761,6.8025,6.7714,6.7862,6.7862,0
2022-05-17,6.7776,6.781,6.72,6.7377,6.7377,0
2022-05-18,6.7386,6.757,6.7355,6.7545,6.7545,0
2022-05-19,6.7613,6.7683,6.7081,6.7125,6.7125,0
2022-05-20,6.72,6.731,6.6647,6.693,6.693,0
2022-05-23,6.6753,6.6915,6.6425,6.6508,6.6508,0
2022-05-24,6.6598,6.6796,6.6469,6.6538,6.6538,0
2022-05-25,6.6601,6.697,6.6556,6.6928,6.6928,0
2022-05-26,6.6902,6.7487,6.6902,6.7389,6.7389,0
2022-05-27,6.7505,6.7506,6.6905,6.6986,6.6986,0
2022-05-30,6.7,6.7005,6.6416,6.6606,6.6606,0
2022-05-31,6.6693,6.6745,6.6495,6.672,6.672,0
2022-06-01,6.6653,6.6988,6.6617,6.6864,6.6864,0
2022-06-02,6.689,6.7053,6.659,6.6603,6.6603,0
2022-06-03,6.6603,6.6603,6.6603,6.6603,6.6603,0
2022-06-06,6.6407,6.6564,6.6354,6.654,6.654,0
2022-06-07,6.6666,6.678,6.6588,6.6703,6.6703,0
2022-06-08,6.666,6.695,6.6622,6.6838,6.6838,0
2022-06-09,6.6929,6.7002,6.661,6.6923,6.6923,0
2022-06-10,6.6899,6.7157,6.678,6.7089,6.7089,0
2022-06-13,6.7366,6.7585,6.7259,6.7546,6.7546,0
2022-06-14,6.7581,6.7604,6.7127,6.741,6.741,0
2022-06-15,6.7265,6.7268,6.7009,6.7141,6.7141,0
2022-06-16,6.6907,6.7167,6.6904,6.7035,6.7035,0
2022-06-17,6.6964,6.7167,6.6905,6.7167,6.7167,0
2022-06-20,6.7075,6.7099,6.6694,6.6925,6.6925,0
2022-06-21,6.6827,6.7001,6.6731,6.6895,6.6895,0
2022-06-22,6.7015,6.726,6.694,6.7023,6.7023,0
2022-06-23,6.7021,6.7145,6.694,6.6985,6.6985,0
2022-06-24,6.6935,6.699,6.6816,6.6898,6.6898,0
2022-06-27,6.6852,6.6937,6.6793,6.6918,6.6918,0
2022-06-28,6.696,6.712,6.6732,6.7081,6.7081,0
2022-06-29,6.705,6.7088,6.6856,6.7,6.7,0
2022-06-30,6.704,6.7042,6.6887,6.6993,6.6993,0
2022-07-01,6.6925,6.7155,6.6925,6.7015,6.7015,0
2022-07-04,6.6985,6.7016,6.6835,6.7001,6.7001,0
2022-07-05,6.6955,6.7225,6.6831,6.7199,6.7199,0
2022-07-06,6.7148,6.7149,6.6981,6.708,6.708,0
2022-07-07,6.71,6.713,6.6945,6.702,6.702,0
2022-07-08,6.697,6.7073,6.6895,6.6953,6.6953,0
2022-07-11,6.6962,6.719,6.6956,6.7183,6.7183,0
2022-07-12,6.7175,6.737,6.7165,6.7248,6.7248,0
2022-07-13,6.726,6.7377,6.7156,6.7187,6.7187,0
2022-07-14,6.7267,6.7662,6.722,6.7561,6.7561,0
2022-07-15,6.7504,6.7688,6.7388,6.7575,6.7575,0
2022-07-18,6.7475,6.7546,6.7315,6.7433,6.7433,0
2022-07-19,6.7465,6.7534,6.7381,6.7445,6.7445,0
2022-07-20,6.739,6.7559,6.739,6.7559,6.7559,0
2022-07-21,6.7629,6.7705,6.7558,6.7668,6.7668,0
2022-07-22,6.7617,6.771,6.745,6.7515,6.7515,0
2022-07-25,6.7546,6.7577,6.7431,6.751,6.751,0
2022-07-26,6.7446,6.765,6.7446,6.7633,6.7633,0
2022-07-27,6.7623,6.7686,6.7502,6.7585,6.7585,0
2022-07-28,6.7401,6.7508,6.7351,6.7473,6.7473,0
2022-07-29,6.7439,6.7514,6.7274,6.7442,6.7442,0
2022-08-01,6.7468,6.7739,6.7451,6.7688,6.7688,0
2022-08-02,6.775,6.7819,6.7463,6.7525,6.7525,0
2022-08-03,6.7567,6.7585,6.7451,6.7573,6.7573,0
2022-08-04,6.7503,6.7585,6.746,6.7493,6.7493,0
2022-08-05,6.7408,6.7619,6.7408,6.7619,6.7619,0
2022-08-08,6.7599,6.7647,6.7505,6.7506,6.7506,0
2022-08-09,6.7505,6.7581,6.7505,6.7527,6.7527,0
2022-08-10,6.7525,6.7599,6.722,6.7238,6.7238,0
2022-08-11,6.723,6.7448,6.723,6.7448,6.7448,0
2022-08-12,6.7445,6.7464,6.732,6.7428,6.7428,0
2022-08-15,6.7425,6.774,6.7425,6.7735,6.7735,0
2022-08-16,6.7885,6.7971,6.782,6.7883,6.7883,0
2022-08-17,6.7875,6.7875,6.7683,6.781,6.781,0
2022-08-18,6.7805,6.796,6.7765,6.7861,6.7861,0
2022-08-19,6.7855,6.8182,6.7855,6.8167,6.8167,0
2022-08-22,6.8231,6.8501,6.8207,6.8486,6.8486,0
2022-08-23,6.8453,6.866,6.8291,6.8351,6.8351,0
2022-08-24,6.8431,6.8689,6.842,6.8596,6.8596,0
2022-08-25,6.8445,6.8568,6.842,6.8493,6.8493,0
2022-08-26,6.846,6.8721,6.846,6.8718,6.8718,0
2022-08-29,6.909,6.922,6.9034,6.9081,6.9081,0
2022-08-30,6.909,6.9211,6.8982,6.9119,6.9119,0
2022-08-31,6.908,6.915,6.8865,6.8904,6.8904,0
2022-09-01,6.905,6.9079,6.8921,6.907,6.907,0
2022-09-02,6.905,6.909,6.8985,6.9,6.9,0
2022-09-05,6.9222,6.943,6.9186,6.9341,6.9341,0
2022-09-06,6.9328,6.9646,6.9296,6.9545,6.9545,0
2022-09-07,6.9655,6.9799,6.9631,6.9662,6.9662,0
2022-09-08,6.955,6.9691,6.9476,6.9576,6.9576,0
2022-09-09,6.9461,6.9511,6.9165,6.9265,6.9265,0
2022-09-12,6.9265,6.9265,6.9265,6.9265,6.9265,0
2022-09-13,6.9199,6.9322,6.9189,6.9255,6.9255,0
2022-09-14,6.9667,6.9731,6.9565,6.9621,6.9621,0
2022-09-15,6.964,6.9947,6.9604,6.9945,6.9945,0
2022-09-16,7.0052,7.0251,6.9799,6.98,6.98,0
2022-09-19,6.9951,7.0201,6.995,7.0067,7.0067,0
2022-09-20,7.0093,7.0208,7.0041,7.0183,7.0183,0
2022-09-21,7.0176,7.0542,7.0176,7.049,7.049,0
2022-09-22,7.0841,7.0953,7.0592,7.0781,7.0781,0
2022-09-23,7.0865,7.1296,7.0858,7.1284,7.1284,0
2022-09-26,7.1371,7.1681,7.1311,7.1338,7.1338,0
2022-09-27,7.1313,7.1779,7.1313,7.1779,7.1779,0
2022-09-28,7.197,7.2502,7.194,7.2005,7.2005,0
2022-09-29,7.1529,7.2108,7.1196,7.125,7.125,0
2022-09-30,7.1225,7.134,7.081,7.116,7.116,0
2022-10-03,7.116,7.116,7.116,7.116,7.116,0
2022-10-04,7.116,7.116,7.116,7.116,7.116,0
2022-10-05,7.116,7.116,7.116,7.116,7.116,0
2022-10-06,7.116,7.116,7.116,7.116,7.116,0
2022-10-07,7.116,7.116,7.116,7.116,7.116,0
2022-10-10,7.1096,7.1546,7.1075,7.1546,7.1546,0
2022-10-11,7.1499,7.1939,7.1498,7.1655,7.1655,0
2022-10-12,7.1845,7.1906,7.1546,7.1748,7.1748,0
2022-10-13,7.1723,7.222,7.1645,7.1706,7.1706,0
2022-10-14,7.17,7.1995,7.1591,7.191,7.191,0
2022-10-17,7.1802,7.2052,7.1785,7.1965,7.1965,0
2022-10-18,7.1901,7.2021,7.1874,7.2021,7.2021,0
2022-10-19,7.2009,7.2298,7.1975,7.2288,7.2288,0
2022-10-20,7.228,7.2481,7.2109,7.2168,7.2168,0
2022-10-21,7.2354,7.2508,7.2347,7.2438,7.2438,0
2022-10-24,7.2437,7.2631,7.242,7.263,7.263,0
2022-10-25,7.2946,7.3091,7.2601,7.2694,7.2694,0
2022-10-26,7.2871,7.2995,7.1644,7.173,7.173,0
2022-10-27,7.171,7.2366,7.1604,7.229,7.229,0
2022-10-28,7.231,7.2608,7.2168,7.2525,7.2525,0
2022-10-31,7.262,7.3031,7.2535,7.3029,7.3029,0
2022-11-01,7.3206,7.327,7.253,7.2775,7.2775,0
2022-11-02,7.2755,7.29,7.2643,7.29,7.29,0
2022-11-03,7.2875,7.3208,7.2875,7.3015,7.3015,0
2022-11-04,7.3,7.31,7.176,7.1851,7.1851,0
2022-11-07,7.2152,7.25,7.204,7.2296,7.2296,0
2022-11-08,7.222,7.263,7.2185,7.2493,7.2493,0
2022-11-09,7.233,7.2557,7.233,7.2419,7.2419,0
2022-11-10,7.2517,7.2722,7.181,7.187,7.187,0
2022-11-11,7.1845,7.1881,7.0877,7.1083,7.1083,0
2022-11-14,7.0808,7.0818,7.0245,7.074,7.074,0
2022-11-15,7.0425,7.0611,7.0237,7.0445,7.0445,0
2022-11-16,7.0481,7.0889,7.0481,7.0889,7.0889,0
2022-11-17,7.092,7.1628,7.092,7.1565,7.1565,0
2022-11-18,7.1388,7.1548,7.1088,7.1196,7.1196,0
2022-11-21,7.1501,7.1691,7.1499,7.1653,7.1653,0
2022-11-22,7.1593,7.165,7.1306,7.1399,7.1399,0
2022-11-23,7.1402,7.17,7.1392,7.1605,7.1605,0
2022-11-24,7.1478,7.1528,7.1317,7.152,7.152,0
2022-11-25,7.1615,7.18,7.1463,7.1654,7.1654,0
2022-11-28,7.2275,7.2387,7.189,7.2082,7.2082,0
2022-11-29,7.2079,7.2079,7.1534,7.1593,7.1593,0
2022-11-30,7.155,7.155,7.0666,7.0925,7.0925,0
2022-12-01,7.04,7.0886,7.04,7.0445,7.0445,0
2022-12-02,7.05,7.065,7.0188,7.0195,7.0195,0
2022-12-05,6.974,6.9843,6.9443,6.962,6.962,0
2022-12-06,6.9585,6.9994,6.9548,6.996,6.996,0
2022-12-07,6.9888,6.994,6.9702,6.9718,6.9718,0
2022-12-08,6.971,6.9816,6.9637,6.9674,6.9674,0
2022-12-09,6.9495,6.962,6.942,6.9584,6.9584,0
2022-12-12,6.982,6.9877,6.971,6.9776,6.9776,0
2022-12-13,6.9858,6.988,6.943,6.9445,6.9445,0
2022-12-14,6.951,6.9633,6.9388,6.9509,6.9509,0
2022-12-15,6.9461,6.9775,6.9461,6.9738,6.9738,0
2022-12-16,6.9804,6.984,6.9613,6.9733,6.9733,0
2022-12-19,6.969,6.9847,6.9688,6.9797,6.9797,0
2022-12-20,6.979,6.989,6.9585,6.9619,6.9619,0
2022-12-21,6.9641,6.9828,6.9633,6.9815,6.9815,0
2022-12-22,6.97,6.9845,6.97,6.9845,6.9845,0
2022-12-23,6.9968,6.9975,6.9807,6.9899,6.9899,0
2022-12-26,6.9896,6.9897,6.9575,6.9622,6.9622,0
2022-12-27,6.962,6.9675,6.9481,6.9601,6.9601,0
2022-12-28,6.961,6.9787,6.9602,6.9787,6.9787,0
2022-12-29,6.98,6.98,6.9606,6.9638,6.9638,0
2022-12-30,6.9588,6.961,6.8923,6.8986,6.8986,0
2023-01-02,6.8986,6.8986,6.8986,6.8986,6.8986,0
2023-01-03,6.9135,6.9232,6.8755,6.915,6.915,0
2023-01-04,6.903,6.9069,6.8775,6.8888,6.8888,0
2023-01-05,6.8841,6.889,6.8681,6.882,6.882,0
2023-01-06,6.8775,6.8785,6.8335,6.8385,6.8385,0
2023-01-09,6.8143,6.8143,6.759,6.7725,6.7725,0
2023-01-10,6.7581,6.7877,6.7525,6.7785,6.7785,0
2023-01-11,6.7836,6.7874,6.7622,6.7705,6.7705,0
2023-01-12,6.7531,6.7634,6.7278,6.7388,6.7388,0
2023-01-13,6.723,6.737,6.701,6.703,6.703,0
2023-01-16,6.6973,6.734,6.6905,6.7336,6.7336,0
2023-01-17,6.7326,6.7815,6.7326,6.7739,6.7739,0
2023-01-18,6.7807,6.7868,6.7406,6.7485,6.7485,0
2023-01-19,6.7665,6.7878,6.7665,6.7769,6.7769,0
2023-01-20,6.7666,6.7877,6.7642,6.7845,6.7845,0
2023-01-23,6.7845,6.7845,6.7845,6.7845,6.7845,0
2023-01-24,6.7845,6.7845,6.7845,6.7845,6.7845,0
2023-01-25,6.7845,6.7845,6.7845,6.7845,6.7845,0
2023-01-26,6.7845,6.7845,6.7845,6.7845,6.7845,0
2023-01-27,6.7845,6.7845,6.7845,6.7845,6.7845,0
2023-01-30,6.752,6.7623,6.7435,6.7495,6.7495,0
2023-01-31,6.7591,6.7591,6.7496,6.7547,6.7547,0
2023-02-01,6.7446,6.7525,6.7385,6.7419,6.7419,0
2023-02-02,6.706,6.736,6.7055,6.7323,6.7323,0
2023-02-03,6.742,6.785,6.7357,6.7749,6.7749,0
2023-02-06,6.8026,6.8026,6.7703,6.7954,6.7954,0
2023-02-07,6.7788,6.7927,6.774,6.7927,6.7927,0
2023-02-08,6.7735,6.7891,6.771,6.7891,6.7891,0
2023-02-09,6.7895,6.792,6.772,6.7806,6.7806,0
2023-02-10,6.7885,6.8121,6.7866,6.8095,6.8095,0
2023-02-13,6.8311,6.8333,6.8215,6.8231,6.8231,0
2023-02-14,6.815,6.83,6.8069,6.8269,6.8269,0
2023-02-15,6.8235,6.853,6.8235,6.853,6.853,0
2023-02-16,6.849,6.8666,6.8427,6.8606,6.8606,0
2023-02-17,6.867,6.884,6.8661,6.8676,6.8676,0
2023-02-20,6.867,6.8721,6.8486,6.8552,6.8552,0
2023-02-21,6.8651,6.88,6.8611,6.8735,6.8735,0
2023-02-22,6.884,6.8994,6.884,6.8923,6.8923,0
2023-02-23,6.895,6.9081,6.8795,6.9081,6.9081,0
2023-02-24,6.9146,6.959,6.9108,6.9563,6.9563,0
2023-02-27,6.9607,6.9726,6.9402,6.945,6.945,0
2023-02-28,6.9451,6.9485,6.9302,6.9334,6.9334,0
2023-03-01,6.9278,6.9326,6.8616,6.8691,6.8691,0
2023-03-02,6.8801,6.9165,6.876,6.9153,6.9153,0
2023-03-03,6.8961,6.9095,6.888,6.9074,6.9074,0
2023-03-06,6.908,6.9347,6.9035,6.93,6.93,0
2023-03-07,6.94,6.9628,6.9227,6.9628,6.9628,0
2023-03-08,6.9725,6.9771,6.944,6.9516,6.9516,0
2023-03-09,6.9625,6.974,6.9555,6.9648,6.9648,0
2023-03-10,6.964,6.9705,6.9,6.9063,6.9063,0
2023-03-13,6.918,6.918,6.8355,6.8465,6.8465,0
2023-03-14,6.8596,6.8853,6.8537,6.8715,6.8715,0
2023-03-15,6.8863,6.9078,6.8746,6.9074,6.9074,0
2023-03-16,6.8935,6.9105,6.8901,6.8983,6.8983,0
2023-03-17,6.8931,6.8951,6.861,6.8867,6.8867,0
2023-03-20,6.8785,6.9032,6.875,6.8785,6.8785,0
2023-03-21,6.8811,6.8851,6.8688,6.8845,6.8845,0
2023-03-22,6.878,6.8934,6.877,6.8807,6.8807,0
2023-03-23,6.8543,6.8569,6.816,6.8199,6.8199,0
2023-03-24,6.8366,6.8795,6.8366,6.868,6.868,0
2023-03-27,6.8744,6.8892,6.8725,6.8851,6.8851,0
2023-03-28,6.8732,6.8878,6.8712,6.875,6.875,0
2023-03-29,6.8773,6.8931,6.8751,6.8871,6.8871,0
2023-03-30,6.892,6.907,6.87,6.8719,6.8719,0
2023-03-31,6.8488,6.876,6.8437,6.869,6.869,0
2023-04-03,6.878,6.8945,6.8733,6.8783,6.8783,0
2023-04-04,6.8781,6.8849,6.8751,6.8798,6.8798,0
2023-04-05,6.8798,6.8798,6.8798,6.8798,6.8798,0
2023-04-06,6.8822,6.8837,6.8703,6.8758,6.8758,0
2023-04-07,6.879,6.879,6.865,6.8703,6.8703,0
2023-04-10,6.8802,6.8821,6.8718,6.8816,6.8816,0
2023-04-11,6.8894,6.8924,6.8822,6.887,6.887,0
2023-04-12,6.8893,6.8893,6.8702,6.8748,6.8748,0
2023-04-13,6.8705,6.8781,6.8672,6.8683,6.8683,0
2023-04-14,6.8585,6.8714,6.8318,6.8714,6.8714,0
2023-04-17,6.878,6.881,6.8664,6.8798,6.8798,0
2023-04-18,6.876,6.8799,6.8647,6.876,6.876,0
2023-04-19,6.8755,6.901,6.8751,6.8858,6.8858,0
2023-04-20,6.8884,6.8956,6.87,6.8732,6.8732,0
2023-04-21,6.8761,6.8961,6.8761,6.8935,6.8935,0
2023-04-24,6.8881,6.9062,6.8881,6.8964,6.8964,0
2023-04-25,6.8911,6.9327,6.8911,6.9327,6.9327,0
2023-04-26,6.928,6.928,6.9162,6.9268,6.9268,0
2023-04-27,6.9305,6.9325,6.9106,6.9238,6.9238,0
2023-04-28,6.9155,6.9285,6.911,6.9121,6.9121,0
2023-05-01,6.9121,6.9121,6.9121,6.9121,6.9121,0
2023-05-02,6.9121,6.9121,6.9121,6.9121,6.9121,0
2023-05-03,6.9121,6.9121,6.9121,6.9121,6.9121,0
2023-05-04,6.894,6.9196,6.892,6.9067,6.9067,0
2023-05-05,6.9048,6.9188,6.9048,6.9105,6.9105,0
2023-05-08,6.912,6.9185,6.9101,6.9125,6.9125,0
2023-05-09,6.9164,6.9291,6.9164,6.9205,6.9205,0
2023-05-10,6.9219,6.9333,6.9133,6.9333,6.9333,0
2023-05-11,6.9321,6.949,6.9304,6.9488,6.9488,0
2023-05-12,6.95,6.9583,6.9426,6.9583,6.9583,0
2023-05-15,6.9575,6.9652,6.9473,6.9525,6.9525,0
2023-05-16,6.952,6.9787,6.952,6.9787,6.9787,0
2023-05-17,6.9887,7.003,6.9867,6.9986,6.9986,0
2023-05-18,6.998,7.042,6.9963,7.0358,7.0358,0
2023-05-19,7.0551,7.06,7.002,7.0079,7.0079,0
2023-05-22,7.0186,7.0358,7.016,7.0358,7.0358,0
2023-05-23,7.0388,7.0566,7.0388,7.0566,7.0566,0
2023-05-24,7.0666,7.0672,7.0366,7.0609,7.0609,0
2023-05-25,7.0661,7.0789,7.0603,7.0789,7.0789,0
2023-05-26,7.0788,7.0795,7.0451,7.0647,7.0647,0
2023-05-29,7.0613,7.0791,7.0612,7.073,7.073,0
2023-05-30,7.0724,7.0986,7.0673,7.08,7.08,0
2023-05-31,7.0901,7.112,7.0901,7.1117,7.1117,0
2023-06-01,7.1036,7.124,7.0901,7.0945,7.0945,0
2023-06-02,7.1015,7.1023,7.055,7.0848,7.0848,0
2023-06-05,7.1035,7.124,7.0931,7.1025,7.1025,0
2023-06-06,7.1153,7.123,7.1001,7.1195,7.1195,0
2023-06-07,7.1018,7.1305,7.1018,7.1293,7.1293,0
2023-06-08,7.1361,7.1418,7.1098,7.1122,7.1122,0
2023-06-09,7.1168,7.1315,7.111,7.1286,7.1286,0
2023-06-12,7.1355,7.1477,7.1355,7.1456,7.1456,0
2023-06-13,7.1581,7.1681,7.1413,7.1681,7.1681,0
2023-06-14,7.1635,7.1695,7.146,7.1638,7.1638,0
2023-06-15,7.1728,7.18,7.1185,7.121,7.121,0
2023-06-16,7.13,7.1409,7.1051,7.1266,7.1266,0
2023-06-19,7.1366,7.1626,7.1366,7.1615,7.1615,0
2023-06-20,7.1698,7.1822,7.1658,7.1815,7.1815,0
2023-06-21,7.187,7.1979,7.1775,7.1795,7.1795,0
2023-06-22,7.1795,7.1795,7.1795,7.1795,7.1795,0
2023-06-23,7.1795,7.1795,7.1795,7.1795,7.1795,0
2023-06-26,7.2052,7.238,7.2052,7.2376,7.2376,0
2023-06-27,7.2237,7.2254,7.205,7.2202,7.2202,0
2023-06-28,7.2251,7.254,7.2213,7.2445,7.2445,0
2023-06-29,7.23,7.253,7.2271,7.2525,7.2525,0
2023-06-30,7.2586,7.268,7.2425,7.2523,7.2523,0
2023-07-03,7.2311,7.2551,7.2311,7.2408,7.2408,0
2023-07-04,7.2375,7.2429,7.2103,7.2145,7.2145,0
2023-07-05,7.212,7.2495,7.212,7.2475,7.2475,0
2023-07-06,7.2486,7.2532,7.2311,7.2505,7.2505,0
2023-07-07,7.2365,7.247,7.2188,7.2212,7.2212,0
2023-07-10,7.2195,7.2411,7.2188,7.2321,7.2321,0
2023-07-11,7.2204,7.2301,7.1939,7.2102,7.2102,0
2023-07-12,7.193,7.194,7.1631,7.1663,7.1663,0
2023-07-13,7.167,7.1755,7.1495,7.151,7.151,0
2023-07-14,7.137,7.1459,7.119,7.1413,7.1413,0
2023-07-17,7.1533,7.1777,7.1533,7.1721,7.1721,0
2023-07-18,7.1607,7.1813,7.1607,7.1802,7.1802,0
2023-07-19,7.1947,7.227,7.1938,7.227,7.227,0
2023-07-20,7.1751,7.1885,7.1644,7.1776,7.1776,0
2023-07-21,7.1662,7.1878,7.1616,7.1878,7.1878,0
2023-07-24,7.1854,7.2066,7.1812,7.1865,7.1865,0
2023-07-25,7.1518,7.163,7.1311,7.1364,7.1364,0
2023-07-26,7.1535,7.162,7.1435,7.151,7.151,0
2023-07-27,7.1348,7.175,7.1193,7.1742,7.1742,0
2023-07-28,7.1635,7.1737,7.1484,7.1494,7.1494,0
2023-07-31,7.1431,7.1525,7.1343,7.1428,7.1428,0
2023-08-01,7.159,7.178,7.159,7.1778,7.1778,0
2023-08-02,7.1672,7.193,7.1649,7.1917,7.1917,0
2023-08-03,7.185,7.1949,7.164,7.1663,7.1663,0
2023-08-04,7.1531,7.1855,7.1531,7.1708,7.1708,0
2023-08-07,7.1887,7.1943,7.1826,7.1931,7.1931,0
2023-08-08,7.203,7.2208,7.2023,7.2177,7.2177,0
2023-08-09,7.2125,7.2143,7.1945,7.21,7.21,0
2023-08-10,7.2047,7.218,7.2033,7.218,7.218,0
2023-08-11,7.2217,7.2383,7.2217,7.2383,7.2383,0
2023-08-14,7.252,7.2646,7.248,7.2598,7.2598,0
2023-08-15,7.2799,7.289,7.2682,7.2831,7.2831,0
2023-08-16,7.2902,7.2986,7.288,7.2986,7.2986,0
2023-08-17,7.3081,7.317,7.2776,7.2915,7.2915,0
2023-08-18,7.265,7.295,7.265,7.2817,7.2817,0
2023-08-21,7.296,7.3153,7.2756,7.2878,7.2878,0
2023-08-22,7.267,7.2967,7.267,7.2943,7.2943,0
2023-08-23,7.2856,7.2932,7.2754,7.2786,7.2786,0
2023-08-24,7.2762,7.2859,7.2683,7.2792,7.2792,0
2023-08-25,7.2781,7.291,7.2781,7.29,7.29,0
2023-08-28,7.268,7.2953,7.268,7.2905,7.2905,0
2023-08-29,7.287,7.295,7.2791,7.2807,7.2807,0
2023-08-30,7.2811,7.2937,7.28,7.2852,7.2852,0
2023-08-31,7.2827,7.2913,7.2558,7.2589,7.2589,0
2023-09-01,7.2445,7.266,7.2442,7.2616,7.2616,0
2023-09-04,7.2612,7.2741,7.2571,7.2732,7.2732,0
2023-09-05,7.277,7.3072,7.277,7.3046,7.3046,0
2023-09-06,7.32,7.3213,7.3023,7.3172,7.3172,0
2023-09-07,7.3163,7.3295,7.3163,7.3293,7.3293,0
2023-09-08,7.3415,7.3498,7.3338,7.344,7.344,0
2023-09-11,7.3232,7.3252,7.2699,7.2894,7.2894,0
2023-09-12,7.2866,7.2957,7.2811,7.2918,7.2918,0
2023-09-13,7.2835,7.2903,7.268,7.271,7.271,0
2023-09-14,7.2721,7.2799,7.2696,7.278,7.278,0
2023-09-15,7.2798,7.2817,7.246,7.2749,7.2749,0
2023-09-18,7.2825,7.297,7.2785,7.2918,7.2918,0
2023-09-19,7.293,7.2983,7.2888,7.2974,7.2974,0
2023-09-20,7.2928,7.2994,7.287,7.2879,7.2879,0
2023-09-21,7.2888,7.3088,7.2881,7.3078,7.3078,0
2023-09-22,7.3012,7.3038,7.2958,7.2985,7.2985,0
2023-09-25,7.2985,7.3123,7.2984,7.3119,7.3119,0
2023-09-26,7.3067,7.3121,7.3012,7.3113,7.3113,0
2023-09-27,7.2916,7.3127,7.2908,7.311,7.311,0
2023-09-28,7.308,7.3123,7.2992,7.3015,7.3015,0
2023-09-29,7.3015,7.3015,7.3015,7.3015,7.3015,0
2023-10-02,7.3015,7.3015,7.3015,7.3015,7.3015,0
2023-10-03,7.3015,7.3015,7.3015,7.3015,7.3015,0
2023-10-04,7.3015,7.3015,7.3015,7.3015,7.3015,0
2023-10-05,7.3015,7.3015,7.3015,7.3015,7.3015,0
2023-10-06,7.3015,7.3015,7.3015,7.3015,7.3015,0
2023-10-09,7.301,7.3016,7.2828,7.2923,7.2923,0
2023-10-10,7.2753,7.2995,7.2753,7.2958,7.2958,0
2023-10-11,7.2899,7.3033,7.2899,7.3001,7.3001,0
2023-10-12,7.2975,7.3036,7.2915,7.3028,7.3028,0
2023-10-13,7.306,7.3086,7.3006,7.306,7.306,0
2023-10-16,7.308,7.3134,7.3062,7.3111,7.3111,0
2023-10-17,7.3105,7.3154,7.3088,7.3128,7.3128,0
2023-10-18,7.311,7.3165,7.2983,7.3155,7.3155,0
2023-10-19,7.3112,7.3175,7.3111,7.3135,7.3135,0
2023-10-20,7.3115,7.3184,7.3068,7.3164,7.3164,0
2023-10-23,7.3128,7.318,7.3128,7.3159,7.3159,0
2023-10-24,7.3055,7.3125,7.2972,7.31,7.31,0
2023-10-25,7.3062,7.3177,7.3058,7.3173,7.3173,0
2023-10-26,7.3169,7.3194,7.3136,7.3158,7.3158,0
2023-10-27,7.3143,7.3188,7.3143,7.3174,7.3174,0
2023-10-30,7.3145,7.3184,7.3133,7.3134,7.3134,0
2023-10-31,7.3158,7.3187,7.314,7.3165,7.3165,0
2023-11-01,7.3156,7.3198,7.3156,7.3177,7.3177,0
2023-11-02,7.3155,7.3194,7.314,7.3164,7.3164,0
2023-11-03,7.3166,7.3187,7.3005,7.3013,7.3013,0
2023-11-06,7.287,7.2886,7.2657,7.2703,7.2703,0
2023-11-07,7.2752,7.2858,7.275,7.2799,7.2799,0
2023-11-08,7.2765,7.2811,7.2657,7.2804,7.2804,0
2023-11-09,7.2772,7.2874,7.2763,7.2838,7.2838,0
2023-11-10,7.288,7.2936,7.2877,7.2894,7.2894,0
2023-11-13,7.2941,7.298,7.2884,7.2893,7.2893,0
2023-11-14,7.2858,7.2953,7.2521,7.2538,7.2538,0
2023-11-15,7.2601,7.2623,7.2333,7.2468,7.2468,0
2023-11-16,7.252,7.261,7.2413,7.2427,7.2427,0
2023-11-17,7.242,7.2488,7.2025,7.2119,7.2119,0
2023-11-20,7.1989,7.2067,7.163,7.1693,7.1693,0
2023-11-21,7.138,7.142,7.1256,7.1376,7.1376,0
2023-11-22,7.1356,7.1564,7.1356,7.1564,7.1564,0
2023-11-23,7.1515,7.1539,7.1361,7.147,7.147,0
2023-11-24,7.1428,7.155,7.1425,7.1497,7.1497,0
2023-11-27,7.1422,7.1568,7.1418,7.153,7.153,0
2023-11-28,7.153,7.1544,7.1459,7.1473,7.1473,0
2023-11-29,7.1184,7.131,7.1174,7.131,7.131,0
2023-11-30,7.1364,7.1391,7.1183,7.1363,7.1363,0
2023-12-01,7.1341,7.1466,7.1273,7.1399,7.1399,0
2023-12-04,7.127,7.143,7.127,7.143,7.143,0
2023-12-05,7.1412,7.1496,7.1405,7.1472,7.1472,0
2023-12-06,7.1557,7.1596,7.1544,7.1596,7.1596,0
2023-12-07,7.1591,7.1617,7.1474,7.151,7.151,0
2023-12-08,7.1503,7.1666,7.1501,7.1661,7.1661,0
2023-12-11,7.1756,7.1881,7.1754,7.176,7.176,0
2023-12-12,7.1733,7.1786,7.1658,7.1766,7.1766,0
2023-12-13,7.1792,7.1857,7.1723,7.173,7.173,0
2023-12-14,7.1332,7.1384,7.1033,7.1102,7.1102,0
2023-12-15,7.1195,7.1257,7.0972,7.1184,7.1184,0
2023-12-18,7.1241,7.1356,7.1241,7.134,7.134,0
2023-12-19,7.1356,7.1471,7.1287,7.1297,7.1297,0
2023-12-20,7.125,7.1413,7.1249,7.1363,7.1363,0
2023-12-21,7.1382,7.1487,7.1381,7.1391,7.1391,0
2023-12-22,7.1423,7.1502,7.123,7.1333,7.1333,0
2023-12-25,7.133,7.1387,7.1302,7.1365,7.1365,0
2023-12-26,7.1355,7.1463,7.1355,7.1434,7.1434,0
2023-12-27,7.1452,7.1498,7.1405,7.141,7.141,0
2023-12-28,7.1303,7.1303,7.0983,7.1088,7.1088,0
2023-12-29,7.0871,7.1131,7.087,7.0999,7.0999,0
2024-01-01,7.0999,7.0999,7.0999,7.0999,7.0999,0
2024-01-02,7.1073,7.1441,7.1073,7.1441,7.1441,0
2024-01-03,7.1455,7.1533,7.14,7.1505,7.1505,0
2024-01-04,7.1541,7.1595,7.1461,7.1595,7.1595,0
2024-01-05,7.1693,7.1708,7.1383,7.1412,7.1412,0
2024-01-08,7.15,7.1631,7.1447,7.1545,7.1545,0
2024-01-09,7.1561,7.1687,7.1561,7.1687,7.1687,0
2024-01-10,7.1732,7.1765,7.1667,7.1716,7.1716,0
2024-01-11,7.168,7.1685,7.1547,7.1685,7.1685,0
2024-01-12,7.1657,7.169,7.1584,7.1678,7.1678,0
2024-01-15,7.1797,7.1798,7.1657,7.1716,7.1716,0
2024-01-16,7.1781,7.1937,7.1749,7.1911,7.1911,0
2024-01-17,7.1922,7.1974,7.1892,7.1963,7.1963,0
2024-01-18,7.1905,7.1969,7.1904,7.1963,7.1963,0
2024-01-19,7.1931,7.1965,7.1878,7.1935,7.1935,0
2024-01-22,7.192,7.1972,7.1906,7.1929,7.1929,0
2024-01-23,7.191,7.1933,7.1627,7.1733,7.1733,0
2024-01-24,7.1692,7.1756,7.1429,7.1528,7.1528,0
2024-01-25,7.1518,7.1716,7.1518,7.1698,7.1698,0
2024-01-26,7.174,7.182,7.1701,7.1774,7.1774,0
2024-01-29,7.179,7.1832,7.1762,7.1807,7.1807,0
2024-01-30,7.1766,7.1793,7.1743,7.1763,7.1763,0
2024-01-31,7.1777,7.1822,7.1673,7.1678,7.1678,0
2024-02-01,7.1785,7.1843,7.1762,7.1802,7.1802,0
2024-02-02,7.1766,7.1925,7.176,7.1925,7.1925,0
2024-02-05,7.1957,7.1985,7.1937,7.1985,7.1985,0
2024-02-06,7.1948,7.1979,7.1867,7.1913,7.1913,0
2024-02-07,7.1881,7.195,7.182,7.195,7.195,0
2024-02-08,7.1898,7.1969,7.1896,7.1968,7.1968,0
2024-02-09,7.1937,7.1972,7.1912,7.1936,7.1936,0
2024-02-12,7.1936,7.1936,7.1936,7.1936,7.1936,0
2024-02-13,7.1936,7.1936,7.1936,7.1936,7.1936,0
2024-02-14,7.1936,7.1936,7.1936,7.1936,7.1936,0
2024-02-15,7.1936,7.1936,7.1936,7.1936,7.1936,0
2024-02-16,7.1936,7.1936,7.1936,7.1936,7.1936,0
2024-02-19,7.1936,7.1985,7.1934,7.1982,7.1982,0
2024-02-20,7.1965,7.1985,7.1895,7.1919,7.1919,0
2024-02-21,7.1965,7.1968,7.1777,7.1898,7.1898,0
2024-02-22,7.1889,7.1947,7.1856,7.1947,7.1947,0
2024-02-23,7.1935,7.199,7.19,7.1959,7.1959,0
2024-02-26,7.196,7.1985,7.1956,7.1976,7.1976,0
2024-02-27,7.197,7.1987,7.1958,7.1979,7.1979,0
2024-02-28,7.1976,7.1994,7.1976,7.198,7.198,0
2024-02-29,7.1967,7.1967,7.1875,7.1887,7.1887,0
2024-03-01,7.193,7.1993,7.193,7.1968,7.1968,0
2024-03-04,7.1962,7.1994,7.1958,7.199,7.199,0
2024-03-05,7.198,7.1993,7.193,7.1968,7.1968,0
2024-03-06,7.1975,7.1994,7.1971,7.1979,7.1979,0
2024-03-07,7.1946,7.1989,7.1925,7.1929,7.1929,0
2024-03-08,7.1904,7.1942,7.1831,7.186,7.186,0
2024-03-11,7.1882,7.1922,7.1795,7.183,7.183,0
2024-03-12,7.1776,7.181,7.1712,7.181,7.181,0
2024-03-13,7.1831,7.195,7.1831,7.1868,7.1868,0
2024-03-14,7.189,7.1943,7.1881,7.1939,7.1939,0
2024-03-15,7.195,7.1968,7.1944,7.196,7.196,0
2024-03-18,7.1972,7.1983,7.196,7.1983,7.1983,0
2024-03-19,7.1978,7.1995,7.1974,7.1994,7.1994,0
2024-03-20,7.1986,7.1995,7.1975,7.1994,7.1994,0
2024-03-21,7.1946,7.1995,7.1945,7.1995,7.1995,0
2024-03-22,7.1993,7.2298,7.1993,7.2295,7.2295,0
2024-03-25,7.2073,7.213,7.1943,7.2112,7.2112,0
2024-03-26,7.208,7.2202,7.2078,7.2183,7.2183,0
2024-03-27,7.2184,7.229,7.2184,7.2273,7.2273,0
2024-03-28,7.226,7.23,7.222,7.227,7.227,0
2024-03-29,7.2258,7.2281,7.2188,7.2213,7.2213,0
2024-04-01,7.2244,7.2309,7.2244,7.2308,7.2308,0
2024-04-02,7.2305,7.236,7.2299,7.233,7.233,0
2024-04-03,7.233,7.2359,7.2329,7.2338,7.2338,0
2024-04-04,7.2338,7.2338,7.2338,7.2338,7.2338,0
2024-04-05,7.2338,7.2338,7.2338,7.2338,7.2338,0
2024-04-07,7.2338,7.2338,7.2338,7.2338,7.2338,0
2024-04-08,7.228,7.2342,7.2273,7.2309,7.2309,0
2024-04-09,7.233,7.2345,7.2283,7.2323,7.2323,0
2024-04-10,7.2323,7.2345,7.2276,7.2343,7.2343,0
2024-04-11,7.2358,7.2374,7.2341,7.2374,7.2374,0
2024-04-12,7.2357,7.2375,7.2356,7.2374,7.2374,0
2024-04-15,7.2364,7.2387,7.2364,7.2382,7.2382,0
2024-04-16,7.2404,7.2404,7.2323,7.2378,7.2378,0
2024-04-17,7.2362,7.2404,7.2335,7.2389,7.2389,0
2024-04-18,7.2345,7.2396,7.233,7.2387,7.2387,0
2024-04-19,7.2391,7.2429,7.2385,7.2404,7.2404,0
2024-04-22,7.2404,7.2439,7.2404,7.2435,7.2435,0
2024-04-23,7.2442,7.2469,7.2439,7.2453,7.2453,0
2024-04-24,7.2435,7.2461,7.2433,7.2461,7.2461,0
2024-04-25,7.2456,7.2472,7.238,7.2399,7.2399,0
2024-04-26,7.2432,7.247,7.2432,7.2465,7.2465,0
2024-04-29,7.2455,7.2467,7.2315,7.2322,7.2322,0
2024-04-30,7.2382,7.2444,7.2379,7.2411,7.2411,0
2024-05-01,7.2411,7.2411,7.2411,7.2411,7.2411,0
2024-05-02,7.2411,7.2411,7.2411,7.2411,7.2411,0
2024-05-03,7.2411,7.2411,7.2411,7.2411,7.2411,0
2024-05-06,7.2085,7.2165,7.204,7.2089,7.2089,0
2024-05-07,7.2164,7.2189,7.2141,7.2187,7.2187,0
2024-05-08,7.2217,7.228,7.2217,7.225,7.225,0
2024-05-09,7.225,7.2267,7.2198,7.2214,7.2214,0
2024-05-10,7.2241,7.2268,7.2227,7.2268,7.2268,0
2024-05-13,7.2305,7.2355,7.2305,7.2329,7.2329,0
2024-05-14,7.2349,7.2379,7.2294,7.2337,7.2337,0
2024-05-15,7.2331,7.2346,7.2143,7.2195,7.2195,0
2024-05-16,7.209,7.2194,7.2076,7.2191,7.2191,0
2024-05-17,7.2255,7.227,7.217,7.2243,7.2243,0
2024-05-20,7.2293,7.2351,7.2286,7.2351,7.2351,0
2024-05-21,7.2391,7.2417,7.2324,7.2379,7.2379,0
2024-05-22,7.2389,7.2413,7.2373,7.2413,7.2413,0
2024-05-23,7.2424,7.2452,7.2388,7.2419,7.2419,0
2024-05-24,7.2443,7.2455,7.2412,7.243,7.243,0
2024-05-27,7.2425,7.2453,7.2425,7.2445,7.2445,0
2024-05-28,7.2448,7.2471,7.2444,7.245,7.245,0
2024-05-29,7.2472,7.2495,7.2469,7.2492,7.2492,0
2024-05-30,7.2487,7.2496,7.2318,7.2326,7.2326,0
2024-05-31,7.2336,7.2444,7.2336,7.2418,7.2418,0
2024-06-03,7.2436,7.2467,7.2415,7.2423,7.2423,0
2024-06-04,7.242,7.2463,7.2357,7.2398,7.2398,0
2024-06-05,7.2418,7.2477,7.2418,7.2477,7.2477,0
2024-06-06,7.2456,7.2474,7.2424,7.2451,7.2451,0
2024-06-07,7.2446,7.2478,7.2397,7.2478,7.2478,0
2024-06-10,7.2478,7.2478,7.2478,7.2478,7.2478,0
2024-06-11,7.2517,7.2545,7.2517,7.2545,7.2545,0
2024-06-12,7.2525,7.2538,7.238,7.2398,7.2398,0
2024-06-13,7.2479,7.2527,7.2479,7.2525,7.2525,0
2024-06-14,7.2543,7.256,7.2539,7.2558,7.2558,0
2024-06-17,7.2545,7.2562,7.2536,7.2562,7.2562,0
2024-06-18,7.2551,7.2563,7.2539,7.2545,7.2545,0
2024-06-19,7.2553,7.2572,7.2552,7.257,7.257,0
2024-06-20,7.2589,7.2605,7.2587,7.2605,7.2605,0
2024-06-21,7.26,7.2612,7.26,7.261,7.261,0
2024-06-24,7.261,7.2618,7.2569,7.2592,7.2592,0
2024-06-25,7.2605,7.263,7.2584,7.263,7.263,0
2024-06-26,7.2648,7.2667,7.2648,7.2667,7.2667,0
2024-06-27,7.2672,7.2689,7.2666,7.2689,7.2689,0
2024-06-28,7.2671,7.268,7.262,7.2673,7.2673,0
2024-07-01,7.2671,7.2684,7.2669,7.2684,7.2684,0
2024-07-02,7.27,7.2713,7.27,7.2713,7.2713,0
2024-07-03,7.2724,7.2735,7.2675,7.2703,7.2703,0
2024-07-04,7.2704,7.2717,7.2667,7.2682,7.2682,0
2024-07-05,7.2656,7.2693,7.265,7.2684,7.2684,0
2024-07-08,7.2667,7.2702,7.2667,7.2687,7.2687,0
2024-07-09,7.2708,7.2726,7.2708,7.2726,7.2726,0
2024-07-10,7.2748,7.2761,7.2748,7.2761,7.2761,0
2024-07-11,7.2746,7.2749,7.2491,7.2579,7.2579,0
2024-07-12,7.2603,7.2648,7.2482,7.2504,7.2504,0
2024-07-15,7.2613,7.2637,7.2576,7.2599,7.2599,0
2024-07-16,7.2644,7.2686,7.2644,7.2686,7.2686,0
2024-07-17,7.2685,7.2688,7.2522,7.2614,7.2614,0
2024-07-18,7.2565,7.2608,7.2518,7.2605,7.2605,0
2024-07-19,7.2657,7.2697,7.2651,7.2697,7.2697,0
2024-07-22,7.2732,7.2739,7.2706,7.2737,7.2737,0
2024-07-23,7.2729,7.2749,7.2726,7.2749,7.2749,0
2024-07-24,7.2749,7.2774,7.2621,7.2629,7.2629,0
2024-07-25,7.2608,7.2638,7.21,7.2316,7.2316,0
2024-07-26,7.2408,7.2543,7.2303,7.2511,7.2511,0
2024-07-29,7.2528,7.2605,7.2511,7.2601,7.2601,0
2024-07-30,7.2633,7.2649,7.2473,7.2512,7.2512,0
2024-07-31,7.2288,7.2398,7.2143,7.2198,7.2198,0
2024-08-01,7.2121,7.2477,7.2095,7.2444,7.2444,0
2024-08-02,7.2444,7.2465,7.1559,7.1603,7.1603,0
2024-08-05,7.1503,7.1557,7.1155,7.1303,7.1303,0
2024-08-06,7.1606,7.1606,7.1417,7.157,7.157,0
2024-08-07,7.1712,7.1865,7.1712,7.1769,7.1769,0
2024-08-08,7.1775,7.1796,7.1555,7.1762,7.1762,0
2024-08-09,7.1775,7.179,7.1636,7.1673,7.1673,0
2024-08-12,7.1732,7.1825,7.1711,7.175,7.175,0
2024-08-13,7.179,7.1825,7.1521,7.1556,7.1556,0
2024-08-14,7.1466,7.1537,7.1346,7.1387,7.1387,0
2024-08-15,7.1602,7.176,7.1529,7.1747,7.1747,0
2024-08-16,7.1771,7.1785,7.1605,7.165,7.165,0
2024-08-19,7.1491,7.1558,7.1313,7.14,7.14,0
2024-08-20,7.133,7.1497,7.131,7.1328,7.1328,0
2024-08-21,7.1316,7.1375,7.1257,7.1347,7.1347,0
2024-08-22,7.1321,7.1453,7.1305,7.1448,7.1448,0
2024-08-23,7.1433,7.1468,7.1195,7.125,7.125,0
2024-08-26,7.1142,7.1241,7.1135,7.122,7.122,0
2024-08-27,7.1246,7.1316,7.1207,7.1248,7.1248,0
2024-08-28,7.123,7.1351,7.1218,7.1256,7.1256,0
2024-08-29,7.1285,7.1312,7.0908,7.0976,7.0976,0
2024-08-30,7.091,7.1012,7.0847,7.0908,7.0908,0
2024-09-02,7.097,7.1185,7.095,7.1175,7.1175,0
2024-09-03,7.1188,7.1245,7.1137,7.1214,7.1214,0
2024-09-04,7.1128,7.1173,7.1069,7.1125,7.1125,0
2024-09-05,7.101,7.1033,7.0871,7.0931,7.0931,0
2024-09-06,7.087,7.0955,7.0815,7.0888,7.0888,0
2024-09-09,7.1073,7.1166,7.1058,7.1138,7.1138,0
2024-09-10,7.1181,7.1252,7.1171,7.1208,7.1208,0
2024-09-11,7.1216,7.1216,7.1075,7.1196,7.1196,0
2024-09-12,7.1223,7.1243,7.1155,7.1176,7.1176,0
2024-09-13,7.1068,7.1111,7.09,7.0937,7.0937,0
2024-09-16,7.0937,7.0937,7.0937,7.0937,7.0937,0
2024-09-17,7.0937,7.0937,7.0937,7.0937,7.0937,0
2024-09-18,7.0954,7.0999,7.0781,7.0819,7.0819,0
2024-09-19,7.103,7.1086,7.06,7.0679,7.0679,0
2024-09-20,7.0583,7.0625,7.0425,7.0513,7.0513,0
2024-09-23,7.0461,7.0603,7.0443,7.0516,7.0516,0
2024-09-24,7.0557,7.0631,7.0318,7.0319,7.0319,0
2024-09-25,7.0205,7.0323,7.016,7.0323,7.0323,0
2024-09-26,7.0311,7.0311,7.0106,7.0111,7.0111,0
2024-09-27,7.016,7.019,7.011,7.0111,7.0111,0
2024-09-30,7.0155,7.019,7.0114,7.0185,7.0185,0
2024-10-01,7.0185,7.0185,7.0185,7.0185,7.0185,0
2024-10-02,7.0185,7.0185,7.0185,7.0185,7.0185,0
2024-10-03,7.0185,7.0185,7.0185,7.0185,7.0185,0
2024-10-04,7.0185,7.0185,7.0185,7.0185,7.0185,0
2024-10-07,7.0185,7.0185,7.0185,7.0185,7.0185,0
2024-10-08,7.0506,7.0805,7.0481,7.0601,7.0601,0
2024-10-09,7.0664,7.0818,7.0542,7.0809,7.0809,0
2024-10-10,7.074,7.0805,7.062,7.0798,7.0798,0
2024-10-11,7.0745,7.0782,7.0628,7.0668,7.0668,0
2024-10-14,7.0791,7.089,7.0731,7.0875,7.0875,0
2024-10-15,7.0872,7.1213,7.0872,7.1196,7.1196,0
2024-10-16,7.1221,7.1242,7.1115,7.1195,7.1195,0
2024-10-17,7.121,7.1275,7.1155,7.1238,7.1238,0
2024-10-18,7.1189,7.1254,7.0999,7.1023,7.1023,0
2024-10-21,7.1037,7.1199,7.0984,7.1195,7.1195,0
2024-10-22,7.122,7.1253,7.1195,7.1233,7.1233,0
2024-10-23,7.1308,7.1336,7.1245,7.1259,7.1259,0
2024-10-24,7.1219,7.1227,7.1105,7.1199,7.1199,0
2024-10-25,7.1167,7.1272,7.1158,7.1206,7.1206,0
2024-10-28,7.1325,7.1351,7.1251,7.1257,7.1257,0
2024-10-29,7.131,7.1429,7.128,7.1307,7.1307,0
2024-10-30,7.1252,7.1364,7.115,7.1155,7.1155,0
2024-10-31,7.1197,7.1255,7.1135,7.1182,7.1182,0
2024-11-01,7.1139,7.1271,7.11,7.1224,7.1224,0
2024-11-04,7.1088,7.115,7.0858,7.0996,7.0996,0
2024-11-05,7.1083,7.1106,7.1011,7.1051,7.1051,0
2024-11-06,7.129,7.179,7.1216,7.1783,7.1783,0
2024-11-07,7.183,7.1867,7.1406,7.1416,7.1416,0
2024-11-08,7.152,7.179,7.1396,7.179,7.179,0
2024-11-11,7.1782,7.215,7.1758,7.215,7.215,0
2024-11-12,7.2194,7.2412,7.2175,7.2328,7.2328,0
2024-11-13,7.2223,7.2276,7.2054,7.2256,7.2256,0
2024-11-14,7.235,7.2465,7.2271,7.2295,7.2295,0
2024-11-15,7.2344,7.2415,7.2258,7.2324,7.2324,0
2024-11-18,7.2325,7.2453,7.2301,7.2373,7.2373,0
2024-11-19,7.2313,7.2435,7.2298,7.2393,7.2393,0
2024-11-20,7.2378,7.2468,7.2378,7.2461,7.2461,0
2024-11-21,7.2427,7.2433,7.2356,7.2375,7.2375,0
2024-11-22,7.2456,7.2497,7.2441,7.2458,7.2458,0
2024-11-25,7.2383,7.2468,7.2372,7.2398,7.2398,0
2024-11-26,7.2512,7.259,7.2472,7.2521,7.2521,0
2024-11-27,7.2479,7.2582,7.2441,7.2467,7.2467,0
2024-11-28,7.2399,7.2529,7.2385,7.2445,7.2445,0
2024-11-29,7.2342,7.2436,7.2266,7.2429,7.2429,0
2024-12-02,7.2526,7.2737,7.2526,7.2722,7.2722,0
2024-12-03,7.2851,7.297,7.2777,7.2864,7.2864,0
2024-12-04,7.2799,7.2825,7.2616,7.2651,7.2651,0
2024-12-05,7.2668,7.2747,7.2592,7.2602,7.2602,0
2024-12-06,7.2619,7.2714,7.2521,7.2714,7.2714,0
2024-12-09,7.2731,7.2803,7.2604,7.2607,7.2607,0
2024-12-10,7.2593,7.2637,7.2382,7.2504,7.2504,0
2024-12-11,7.2473,7.272,7.2411,7.2618,7.2618,0
2024-12-12,7.2584,7.27,7.257,7.27,7.27,0
2024-12-13,7.2725,7.2818,7.2725,7.2763,7.2763,0
2024-12-16,7.274,7.2843,7.2725,7.284,7.284,0
2024-12-17,7.2851,7.2865,7.2787,7.2847,7.2847,0
2024-12-18,7.2831,7.2868,7.2805,7.2867,7.2867,0
2024-12-19,7.2957,7.2993,7.2955,7.297,7.297,0
2024-12-20,7.2932,7.2993,7.2932,7.2966,7.2966,0
2024-12-23,7.2917,7.2993,7.2917,7.2984,7.2984,0
2024-12-24,7.2983,7.299,7.2945,7.2953,7.2953,0
2024-12-25,7.2961,7.2993,7.2961,7.2982,7.2982,0
2024-12-26,7.2977,7.2993,7.2977,7.2982,7.2982,0
2024-12-27,7.298,7.2993,7.2961,7.2985,7.2985,0
2024-12-30,7.2976,7.2994,7.2972,7.2994,7.2994,0
2024-12-31,7.2975,7.2995,7.2933,7.2994,7.2994,0
2025-01-01,7.2996,7.3002,7.2996,7.3002,7.3002,0
2025-01-02,7.2982,7.2995,7.2977,7.2995,7.2995,0
2025-01-03,7.2988,7.3206,7.2988,7.3206,7.3206,0
2025-01-06,7.3175,7.3298,7.3115,7.3225,7.3225,0
2025-01-07,7.3272,7.3291,7.3216,7.3265,7.3265,0
2025-01-08,7.3289,7.3317,7.3289,7.3317,7.3317,0
2025-01-09,7.3304,7.3322,7.3294,7.3322,7.3322,0
2025-01-10,7.3304,7.3327,7.3294,7.3327,7.3327,0
2025-01-13,7.3308,7.332,7.3305,7.332,7.332,0
2025-01-14,7.3304,7.3312,7.3277,7.3312,7.3312,0
2025-01-15,7.3309,7.3319,7.329,7.331,7.331,0
2025-01-16,7.3309,7.3317,7.3305,7.3317,7.3317,0
2025-01-17,7.3307,7.3311,7.3235,7.3252,7.3252,0
2025-01-20,7.3225,7.3234,7.301,7.3018,7.3018,0
2025-01-21,7.2711,7.286,7.2642,7.2721,7.2721,0
2025-01-22,7.2713,7.2831,7.2635,7.2732,7.2732,0
2025-01-23,7.2728,7.2885,7.2717,7.2885,7.2885,0
2025-01-24,7.288,7.288,7.2366,7.2453,7.2453,0
2025-01-27,7.2543,7.2672,7.2507,7.2514,7.2514,0
2025-01-28,7.2514,7.2514,7.2514,7.2514,7.2514,0
2025-01-29,7.2514,7.2514,7.2514,7.2514,7.2514,0
2025-01-30,7.2514,7.2514,7.2514,7.2514,7.2514,0
2025-01-31,7.2514,7.2514,7.2514,7.2514,7.2514,0
2025-02-03,7.2514,7.2514,7.2514,7.2514,7.2514,0
2025-02-04,7.2514,7.2514,7.2514,7.2514,7.2514,0
2025-02-05,7.2776,7.2855,7.2672,7.2728,7.2728,0
2025-02-06,7.2771,7.2934,7.2724,7.2893,7.2893,0
2025-02-07,7.2873,7.2906,7.2825,7.2887,7.2887,0
2025-02-10,7.3024,7.3087,7.3024,7.3052,7.3052,0
2025-02-11,7.3082,7.3085,7.3036,7.3076,7.3076,0
2025-02-12,7.3083,7.3097,7.3072,7.3091,7.3091,0
2025-02-13,7.3079,7.3082,7.2823,7.2899,7.2899,0
2025-02-14,7.2781,7.2898,7.253,7.254,7.254,0
2025-02-17,7.2478,7.2642,7.2438,7.2639,7.2639,0
2025-02-18,7.2681,7.2826,7.2681,7.2796,7.2796,0
2025-02-19,7.2795,7.2864,7.2795,7.2838,7.2838,0
2025-02-20,7.2833,7.2833,7.2555,7.2563,7.2563,0
2025-02-21,7.2555,7.2565,7.2368,7.2513,7.2513,0
2025-02-24,7.2479,7.2515,7.2281,7.2483,7.2483,0
2025-02-25,7.2603,7.2656,7.2512,7.2522,7.2522,0
2025-02-26,7.2511,7.2618,7.2511,7.2602,7.2602,0
2025-02-27,7.2639,7.2866,7.2593,7.2862,7.2862,0
2025-02-28,7.289,7.2909,7.2776,7.2838,7.2838,0
2025-03-03,7.2822,7.2932,7.2789,7.285,7.285,0
2025-03-04,7.2875,7.2887,7.2562,7.2661,7.2661,0
2025-03-05,7.2661,7.2727,7.2505,7.2516,7.2516,0
2025-03-06,7.2414,7.25,7.2352,7.2478,7.2478,0
2025-03-07,7.2504,7.2531,7.227,7.2349,7.2349,0
2025-03-10,7.2427,7.2651,7.2423,7.26,7.26,0
2025-03-11,7.2563,7.2595,7.2256,7.2289,7.2289,0
2025-03-12,7.2192,7.2479,7.216,7.2377,7.2377,0
2025-03-13,7.2378,7.247,7.2297,7.2444,7.2444,0
2025-03-14,7.2502,7.2513,7.2286,7.2387,7.2387,0
2025-03-17,7.2273,7.2411,7.2232,7.2337,7.2337,0
2025-03-18,7.23,7.236,7.2214,7.2284,7.2284,0
2025-03-19,7.2312,7.2382,7.2289,7.2308,7.2308,0
2025-03-20,7.2274,7.2484,7.2248,7.2484,7.2484,0
2025-03-21,7.25,7.2531,7.2446,7.2493,7.2493,0
2025-03-24,7.2576,7.2605,7.2503,7.2539,7.2539,0
2025-03-25,7.2628,7.2638,7.256,7.2579,7.2579,0
2025-03-26,7.2607,7.2682,7.2607,7.2682,7.2682,0
2025-03-27,7.264,7.2676,7.2596,7.2654,7.2654,0
2025-03-28,7.2626,7.266,7.2612,7.2634,7.2634,0
2025-03-31,7.2574,7.2587,7.2469,7.2572,7.2572,0
2025-04-01,7.2601,7.2702,7.2601,7.2702,7.2702,0
2025-04-02,7.2713,7.2719,7.2668,7.2681,7.2681,0
2025-04-03,7.2972,7.3045,7.2813,7.2821,7.2821,0
2025-04-04,7.2821,7.2821,7.2821,7.2821,7.2821,0
2025-04-07,7.307,7.3181,7.3033,7.3087,7.3087,0
2025-04-08,7.336,7.3389,7.327,7.3389,7.3389,0
2025-04-09,7.3456,7.35,7.3456,7.35,7.35,0
2025-04-10,7.3508,7.3509,7.314,7.3145,7.3145,0
2025-04-11,7.3073,7.3258,7.2915,7.2921,7.2921,0
2025-04-14,7.3053,7.3133,7.299,7.3127,7.3127,0
2025-04-15,7.3082,7.3175,7.305,7.3158,7.3158,0
2025-04-16,7.325,7.3284,7.301,7.3063,7.3063,0
2025-04-17,7.312,7.3135,7.2935,7.3,7.3,0
2025-04-18,7.3028,7.3048,7.2867,7.3003,7.3003,0
2025-04-21,7.2915,7.2958,7.2824,7.2924,7.2924,0
2025-04-22,7.3016,7.3142,7.3008,7.3123,7.3123,0
2025-04-23,7.3033,7.3083,7.285,7.287,7.287,0
2025-04-24,7.2945,7.3008,7.2855,7.2884,7.2884,0
2025-04-25,7.2937,7.2975,7.2824,7.2877,7.2877,0
2025-04-28,7.29,7.3006,7.29,7.2947,7.2947,0
2025-04-29,7.2872,7.2886,7.2594,7.2695,7.2695,0
2025-04-30,7.2752,7.2768,7.261,7.2714,7.2714,0
2025-05-01,7.2714,7.2714,7.2714,7.2714,7.2714,0
2025-05-02,7.2714,7.2714,7.2714,7.2714,7.2714,0
2025-05-05,7.2714,7.2714,7.2714,7.2714,7.2714,0
2025-05-06,7.2353,7.2386,7.2105,7.2171,7.2171,0
2025-05-07,7.2191,7.2328,7.2191,7.2253,7.2253,0
2025-05-08,7.2361,7.2413,7.2322,7.2348,7.2348,0
2025-05-09,7.2435,7.2519,7.2359,7.237,7.237,0
2025-05-12,7.2275,7.23,7.1999,7.2029,7.2029,0
2025-05-13,7.193,7.2064,7.1864,7.2064,7.2064,0
2025-05-14,7.2018,7.2186,7.201,7.2085,7.2085,0
2025-05-15,7.2105,7.2176,7.2044,7.2073,7.2073,0
2025-05-16,7.2041,7.2095,7.1985,7.2095,7.2095,0
2025-05-19,7.208,7.2168,7.208,7.2149,7.2149,0
2025-05-20,7.2155,7.2251,7.2155,7.2195,7.2195,0
2025-05-21,7.2184,7.2187,7.2015,7.2025,7.2025,0
2025-05-22,7.1991,7.2083,7.196,7.2043,7.2043,0
2025-05-23,7.2006,7.204,7.1798,7.1806,7.1806,0
2025-05-26,7.1742,7.1897,7.1675,7.1869,7.1869,0
2025-05-27,7.1821,7.1956,7.1821,7.1956,7.1956,0
2025-05-28,7.194,7.2027,7.1884,7.1948,7.1948,0
2025-05-29,7.209,7.2102,7.1855,7.1859,7.1859,0
2025-05-30,7.1852,7.2,7.1831,7.1998,7.1998,0
2025-06-02,7.1998,7.1998,7.1998,7.1998,7.1998,0
2025-06-03,7.198,7.201,7.1857,7.1881,7.1881,0
2025-06-04,7.1875,7.1937,7.1815,7.1852,7.1852,0
2025-06-05,7.176,7.1842,7.1709,7.176,7.176,0
2025-06-06,7.1783,7.1896,7.1783,7.1896,7.1896,0
2025-06-09,7.1877,7.1885,7.18,7.1811,7.1811,0
2025-06-10,7.18,7.1931,7.18,7.1877,7.1877,0
2025-06-11,7.1842,7.1936,7.183,7.1932,7.1932,0
2025-06-12,7.19,7.19,7.1696,7.1733,7.1733,0
2025-06-13,7.1798,7.1853,7.1741,7.1816,7.1816,0
2025-06-16,7.1846,7.187,7.1774,7.1798,7.1798,0
2025-06-17,7.1795,7.1852,7.1785,7.1852,7.1852,0
2025-06-18,7.1856,7.1894,7.1838,7.1894,7.1894,0
2025-06-19,7.192,7.192,7.1856,7.1884,7.1884,0
2025-06-20,7.178,7.185,7.1738,7.1799,7.1799,0
2025-06-23,7.1865,7.1901,7.179,7.18,7.18,0
2025-06-24,7.1754,7.1789,7.1712,7.1717,7.1717,0
2025-06-25,7.1684,7.1768,7.1677,7.1768,7.1768,0
2025-06-26,7.1682,7.1723,7.157,7.1676,7.1676,0
2025-06-27,7.1671,7.1742,7.1658,7.1726,7.1726,0
2025-06-30,7.1642,7.1661,7.1621,7.1639,7.1639,0
2025-07-01,7.1571,7.1655,7.156,7.1654,7.1654,0
2025-07-02,7.1642,7.1692,7.1642,7.1658,7.1658,0
2025-07-03,7.1691,7.1712,7.1604,7.1692,7.1692,0
2025-07-04,7.1682,7.1692,7.1617,7.1653,7.1653,0
2025-07-07,7.1658,7.1747,7.1658,7.1747,7.1747,0
2025-07-08,7.1745,7.1746,7.1699,7.1741,7.1741,0
2025-07-09,7.1738,7.1835,7.1738,7.1802,7.1802,0
2025-07-10,7.1768,7.1781,7.1745,7.1749,7.1749,0
2025-07-11,7.1768,7.1775,7.1663,7.1686,7.1686,0
2025-07-14,7.1667,7.1708,7.1665,7.1672,7.1672,0
2025-07-15,7.1702,7.1753,7.1689,7.173,7.173,0
2025-07-16,7.1776,7.1841,7.1768,7.1796,7.1796,0
2025-07-17,7.18,7.184,7.1758,7.184,7.184,0
2025-07-18,7.1784,7.1823,7.1754,7.1779,7.1779,0
2025-07-21,7.1772,7.1795,7.174,7.1764,7.1764,0
2025-07-22,7.1696,7.1761,7.1696,7.175,7.175,0
2025-07-23,7.168,7.1721,7.1598,7.1602,7.1602,0
2025-07-24,7.1514,7.1576,7.1486,7.1545,7.1545,0
2025-07-25,7.1605,7.1689,7.1579,7.1683,7.1683,0
2025-07-28,7.1679,7.1779,7.1667,7.1779,7.1779,0
2025-07-29,7.1793,7.1797,7.174,7.1772,7.1772,0
2025-07-30,7.1751,7.1942,7.173,7.1942,7.1942,0
2025-07-31,7.1913,7.2005,7.1898,7.2005,7.2005,0
2025-08-01,7.2015,7.2136,7.2015,7.2118,7.2118,0
2025-08-04,7.1855,7.1889,7.1739,7.1787,7.1787,0
2025-08-05,7.1772,7.1891,7.1759,7.184,7.184,0
2025-08-06,7.19,7.19,7.1822,7.1826,7.1826,0
2025-08-07,7.1822,7.1823,7.1765,7.1815,7.1815,0
2025-08-08,7.1811,7.1848,7.1809,7.1842,7.1842,0
2025-08-11,7.1835,7.1888,7.1793,7.1888,7.1888,0
2025-08-12,7.1875,7.1912,7.1785,7.1792,7.1792,0
2025-08-13,7.182,7.1841,7.1728,7.1751,7.1751,0
2025-08-14,7.172,7.1803,7.1668,7.1803,7.1803,0
2025-08-15,7.1804,7.1842,7.1773,7.1821,7.1821,0
2025-08-18,7.1834,7.1858,7.176,7.1849,7.1849,0
2025-08-19,7.1846,7.1876,7.1785,7.1824,7.1824,0
2025-08-20,7.1871,7.1892,7.1746,7.1762,7.1762,0
2025-08-21,7.1766,7.1807,7.168,7.1805,7.1805,0
2025-08-22,7.1811,7.186,7.163,7.1657,7.1657,0
2025-08-25,7.1644,7.1679,7.1478,7.1516,7.1516,0
2025-08-26,7.1551,7.1625,7.152,7.1529,7.1529,0
2025-08-27,7.1501,7.1628,7.1448,7.1543,7.1543,0
2025-08-28,7.148,7.1548,7.13,7.1307,7.1307,0
2025-08-29,7.1336,7.1341,7.1262,7.1308,7.1308,0
2025-09-01,7.1305,7.1378,7.1278,7.1378,7.1378,0
2025-09-02,7.138,7.1497,7.1372,7.1395,7.1395,0
2025-09-03,7.1378,7.1484,7.1372,7.1422,7.1422,0
2025-09-04,7.1409,7.1436,7.1378,7.1417,7.1417,0
2025-09-05,7.1381,7.1393,7.1323,7.1329,7.1329,0
2025-09-08,7.1315,7.1364,7.1292,7.1299,7.1299,0
2025-09-09,7.1292,7.1292,7.1209,7.1215,7.1215,0
2025-09-10,7.1305,7.1305,7.1189,7.1212,7.1212,0
2025-09-11,7.1172,7.1257,7.117,7.1187,7.1187,0
2025-09-12,7.1172,7.125,7.1172,7.1248,7.1248,0
2025-09-15,7.1238,7.1243,7.1183,7.1191,7.1191,0
2025-09-16,7.1182,7.1191,7.1137,7.1144,7.1144,0
2025-09-17,7.1102,7.1104,7.1033,7.1036,7.1036,0
2025-09-18,7.11,7.1129,7.105,7.1125,7.1125,0
2025-09-19,7.1131,7.1179,7.1101,7.1156,7.1156,0
2025-09-22,7.1163,7.1166,7.1115,7.1147,7.1147,0
2025-09-23,7.1124,7.1155,7.1085,7.1122,7.1122,0
2025-09-24,7.1133,7.1322,7.113,7.1322,7.1322,0
2025-09-25,7.1282,7.1349,7.1217,7.1349,7.1349,0
2025-09-26,7.1339,7.1378,7.1317,7.1338,7.1338,0
2025-09-29,7.1264,7.1264,7.1164,7.1195,7.1195,0
2025-09-30,7.1206,7.1271,7.1179,7.1196,7.1196,0
2025-10-01,7.1196,7.1196,7.1196,7.1196,7.1196,0
2025-10-02,7.1196,7.1196,7.1196,7.1196,7.1196,0
2025-10-03,7.1196,7.1196,7.1196,7.1196,7.1196,0
2025-10-06,7.1196,7.1196,7.1196,7.1196,7.1196,0
2025-10-07,7.1196,7.1196,7.1196,7.1196,7.1196,0
2025-10-08,7.1196,7.1196,7.1196,7.1196,7.1196,0
2025-10-09,7.134,7.1342,7.121,7.1285,7.1285,0
2025-10-10,7.1251,7.1353,7.1213,7.1353,7.1353,0
2025-10-13,7.1302,7.1335,7.1262,7.1321,7.1321,0
2025-10-14,7.132,7.143,7.1309,7.139,7.139,0
2025-10-15,7.1266,7.1288,7.123,7.1267,7.1267,0
2025-10-16,7.122,7.1272,7.1186,7.124,7.124,0
2025-10-17,7.1184,7.1271,7.1183,7.1271,7.1271,0
2025-10-20,7.1252,7.1272,7.1195,7.1201,7.1201,0
2025-10-21,7.1203,7.1224,7.1152,7.1224,7.1224,0
2025-10-22,7.1231,7.1282,7.1213,7.1265,7.1265,0
2025-10-23,7.123,7.1248,7.1213,7.1227,7.1227,0
2025-10-24,7.1257,7.1257,7.1206,7.1216,7.1216,0
2025-10-27,7.1091,7.1135,7.1032,7.1106,7.1106,0
2025-10-28,7.1065,7.1065,7.0981,7.0993,7.0993,0
2025-10-29,7.0989,7.1023,7.0977,7.0985,7.0985,0
2025-10-30,7.0991,7.1141,7.0956,7.1104,7.1104,0
2025-10-31,7.1102,7.1182,7.108,7.1174,7.1174,0
2025-11-03,7.1191,7.1234,7.1133,7.121,7.121,0
2025-11-04,7.1255,7.1298,7.1216,7.1298,7.1298,0
2025-11-05,7.1329,7.133,7.1239,7.1268,7.1268,0
2025-11-06,7.1218,7.1252,7.117,7.1194,7.1194,0
2025-11-07,7.12,7.1236,7.1191,7.1226,7.1226,0
2025-11-10,7.12,7.1209,7.1169,7.1197,7.1197,0
2025-11-11,7.1205,7.1235,7.1164,7.1173,7.1173,0
2025-11-12,7.1186,7.1199,7.112,7.1128,7.1128,0
2025-11-13,7.1135,7.1135,7.0939,7.0959,7.0959,0
2025-11-14,7.0961,7.1013,7.0908,7.0992,7.0992,0
